,Unnamed: 0,prices,streets,cities,floors,sizes,terraces,floors_in_building,parkings,aircondition,bars,elevators,water_headers,accessibility,shelters,renovated,storages,tadiran,furnitures,status,time_enter,sea_view,sukka,construction_evacuation,2010,2011,2012,2013,2014,2015,2016,2017,2018,2019,2020,2021,2022,2023
0,0,"1,600,000 ₪",אברבנאל,"דירה, נאות רחל, חולון",3,75,,,,,,,,,,,,,,,,0,0,0,none,850000,none,"1,070,000",1045000,"700,000",none,none,1290000,1284166,705000,1356250,1249166,none
1,1,"2,170,000 ₪",אגרובנק,"דירה, אגרובנק, חולון",1,58,"מרפסות
1","קומות בבנין
7","חניות
1",1.0,0.0,1.0,1.0,1.0,1.0,1.0,0.0,0.0,0.0,"מצב הנכס
חדש","תאריך כניסה
כניסה גמישה",0,0,0,none,none,none,none,none,none,none,none,none,none,none,none,none,none
2,2,"1,890,000 ₪",אורים,"דירה, נאות רחל, חולון",6,100,,,,1.0,1.0,1.0,1.0,1.0,0.0,1.0,0.0,0.0,1.0,,,0,0,0,none,"1,100,000",1055000,none,none,"1,270,000",1350000,"1,650,000",1430000,1427500,none,1561000,1883000,none
3,3,"2,370,000 ₪",אפעל,"דירה, שיכון ותיקים, חולון",3,78,"מרפסות
1","קומות בבנין
7","חניות
1",1.0,0.0,1.0,1.0,1.0,1.0,1.0,1.0,1.0,0.0,"מצב הנכס
חדש מקבלן","תאריך כניסה
כניסה מיידית",0,0,0,"2,400,000",none,none,none,none,none,none,none,none,1665999,1716833,2010000,1777333,1778000
4,4,"2,160,000 ₪",אצל,"דירה, תל גיבורים, חולון",3,75,none,"קומות בבנין
4","חניות
ללא",1.0,0.0,0.0,1.0,1.0,1.0,1.0,0.0,0.0,0.0,"מצב הנכס
משופץ","תאריך כניסה
כניסה גמישה",0,0,0,none,none,none,none,none,none,none,none,none,none,none,none,none,none
5,5,"1,850,000 ₪",אצל,"דירה, תל גיבורים, חולון",7,75,none,"קומות בבנין
8","חניות
1",1.0,0.0,1.0,1.0,1.0,0.0,1.0,0.0,0.0,1.0,"מצב הנכס
משופץ","תאריך כניסה
כניסה גמישה",0,0,0,none,none,none,none,none,none,none,none,none,none,none,none,none,none
6,6,"1,920,000 ₪",אצל 62,"דירה, תל גיבורים, חולון",3,76,none,"קומות בבנין
8","חניות
ללא",1.0,1.0,1.0,1.0,1.0,0.0,0.0,0.0,1.0,1.0,none,"תאריך כניסה
כניסה מיידית",0,0,0,none,none,none,none,none,none,none,none,none,none,none,none,none,none
7,7,"2,020,000 ₪",ארגוב,"דירה, נאות רחל, חולון",3,67,none,"קומות בבנין
3","חניות
ללא",1.0,0.0,0.0,1.0,0.0,0.0,1.0,0.0,0.0,0.0,"מצב הנכס
במצב שמור","תאריך כניסה
כניסה גמישה",0,0,0,none,none,none,none,none,"1,000,000",none,none,none,none,none,none,none,none
8,8,"2,090,000 ₪",ארגוב 5,"דירה, נאות רחל, חולון",1,70,none,"קומות בבנין
3","חניות
1",1.0,1.0,0.0,1.0,0.0,0.0,1.0,0.0,1.0,1.0,"מצב הנכס
משופץ","תאריך כניסה
כניסה גמישה",0,0,0,none,none,none,none,none,"1,000,000",none,none,none,none,none,none,none,none
9,9,"1,750,000 ₪",ארלוזורוב,"דירה, מרכז, קרית עבודה, חולון",3,67,none,"קומות בבנין
4","חניות
1",0.0,0.0,1.0,1.0,1.0,0.0,0.0,0.0,0.0,0.0,"מצב הנכס
במצב שמור","תאריך כניסה
כניסה מיידית",0,0,0,none,none,none,none,none,none,none,none,none,none,none,none,none,none
10,10,"2,200,000 ₪",ארלוזורוב 5,"דירה, מרכז, קרית עבודה, חולון",4,80,"מרפסות
1","קומות בבנין
4","חניות
ללא",1.0,0.0,1.0,1.0,0.0,0.0,0.0,0.0,0.0,0.0,"מצב הנכס
במצב שמור","תאריך כניסה
כניסה גמישה",0,0,0,none,none,none,none,none,none,none,none,none,none,none,none,none,none
11,11,"1,850,000 ₪",בזל 5,"דירה, חולון",4,53,none,"קומות בבנין
4","חניות
ללא",1.0,0.0,0.0,0.0,0.0,0.0,1.0,0.0,0.0,0.0,"מצב הנכס
משופץ","תאריך כניסה
כניסה גמישה",0,0,0,none,none,none,none,none,none,"1,100,000",none,1000000,none,none,none,none,none
12,12,"2,050,000 ₪",בילו,"דירה, מרכז, קרית עבודה, חולון",2,68,"מרפסות
1","קומות בבנין
2","חניות
ללא",1.0,0.0,0.0,1.0,0.0,0.0,1.0,0.0,0.0,0.0,"מצב הנכס
משופץ","תאריך כניסה
כניסה גמישה",0,0,0,"890,000",1090000,none,none,1253333,1295000,1522500,none,1565333,1205700,1261666,1511500,1524714,none
13,13,לא צוין מחיר,ברנשטין 11,"דירה, נאות רחל, חולון",3,60,none,"קומות בבנין
3","חניות
ללא",1.0,0.0,0.0,1.0,0.0,0.0,0.0,0.0,0.0,0.0,none,"תאריך כניסה
כניסה מיידית",0,0,0,none,none,none,none,none,none,none,none,none,none,none,none,none,none
14,14,"2,185,000 ₪",ברקן 14,"דירה, תל גיבורים, חולון",1,82,"מרפסות
1","קומות בבנין
6","חניות
1",1.0,0.0,1.0,0.0,1.0,1.0,0.0,0.0,0.0,0.0,"מצב הנכס
במצב שמור","תאריך כניסה
כניסה מיידית",0,0,0,none,none,none,none,none,none,none,none,1750000,1650000,none,none,none,none
15,15,"1,990,000 ₪",גוריון בן,"דירה, בן גוריון, חולון",5,75,none,"קומות בבנין
6","חניות
1",1.0,0.0,1.0,1.0,0.0,0.0,1.0,1.0,0.0,0.0,"מצב הנכס
משופץ","תאריך כניסה
כניסה מיידית",0,0,0,"965,000",975000,"950,000","1,160,000","1,225,000",1235000,1347500,"1,204,819",1195000,1275800,1580000,1560166,1940833,1890000
16,16,"1,790,000 ₪",גוריון בן,"דירה, בן גוריון, חולון",5,70,none,"קומות בבנין
6","חניות
1",1.0,0.0,1.0,1.0,1.0,0.0,1.0,0.0,0.0,0.0,"מצב הנכס
משופץ","תאריך כניסה
כניסה מיידית",0,0,0,"965,000",975000,"950,000","1,160,000","1,225,000",1235000,1347500,"1,204,819",1195000,1275800,1580000,1560166,1940833,1890000
17,17,"1,990,000 ₪",גוריון בן,"דירה, בן גוריון, חולון",2,70,"מרפסות
1","קומות בבנין
6","חניות
1",1.0,1.0,1.0,1.0,1.0,1.0,1.0,0.0,0.0,0.0,"מצב הנכס
משופץ","תאריך כניסה
לא צוין תאריך כניסה",0,0,0,"965,000",975000,"950,000","1,160,000","1,225,000",1235000,1347500,"1,204,819",1195000,1275800,1580000,1560166,1940833,1890000
18,18,"2,050,000 ₪",גוריון בן,"דירה, חולון",5,60,none,"קומות בבנין
6","חניות
1",1.0,0.0,1.0,1.0,1.0,0.0,0.0,0.0,0.0,0.0,"מצב הנכס
במצב שמור","תאריך כניסה
כניסה מיידית",0,0,0,"965,000",975000,"950,000","1,160,000","1,225,000",1235000,1347500,"1,204,819",1195000,1275800,1580000,1560166,1940833,1890000
19,19,"2,090,000 ₪",גוריון בן 26,"דירה, בן גוריון, חולון",2,64,"מרפסות
1","קומות בבנין
5","חניות
1",1.0,1.0,1.0,1.0,1.0,0.0,1.0,1.0,1.0,0.0,none,"תאריך כניסה
16/07/2023",0,0,0,none,none,none,none,none,none,1365000,none,none,1353000,1550000,1485000,none,none
20,20,"1,890,000 ₪",גוריון בן 36,"דירה, בן גוריון, חולון",5,64,"מרפסות
1","קומות בבנין
7","חניות
1",1.0,1.0,1.0,1.0,1.0,0.0,1.0,0.0,1.0,1.0,"מצב הנכס
משופץ","תאריך כניסה
כניסה גמישה",0,0,0,none,none,"950,000","1,160,000",none,1235000,"1,330,000",none,750000,812500,none,1683333,1862500,none
21,21,"1,690,000 ₪",הבעשט,"דירה, נאות רחל, חולון",3,70,none,"קומות בבנין
3","חניות
1",1.0,0.0,0.0,1.0,0.0,0.0,0.0,0.0,0.0,0.0,"מצב הנכס
משופץ","תאריך כניסה
כניסה גמישה",0,0,0,none,none,none,none,none,none,none,none,"1,535,000",none,none,none,none,none
22,22,"1,595,000 ₪",הבעשט,"דירה, נאות רחל, חולון",3,75,none,"קומות בבנין
3","חניות
ללא",0.0,1.0,0.0,1.0,0.0,0.0,0.0,0.0,1.0,0.0,"מצב הנכס
במצב שמור","תאריך כניסה
כניסה גמישה",0,0,0,none,none,none,none,none,none,none,none,"1,535,000",none,none,none,none,none
23,23,"1,790,000 ₪",הבעשט,"דירה, נאות רחל, חולון",2,82,"מרפסות
1","קומות בבנין
3","חניות
1",1.0,0.0,0.0,1.0,0.0,0.0,0.0,0.0,0.0,0.0,"מצב הנכס
במצב שמור","תאריך כניסה
כניסה גמישה",0,0,0,none,none,none,none,none,none,none,none,"1,535,000",none,none,none,none,none
24,24,"1,870,000 ₪",הבעשט 16,"דירה, נאות רחל, חולון",2,70,none,"קומות בבנין
3","חניות
ללא",1.0,0.0,0.0,0.0,0.0,0.0,1.0,0.0,0.0,0.0,"מצב הנכס
משופץ","תאריך כניסה
10/06/2023",0,0,0,none,none,none,none,none,none,none,none,"1,535,000",none,none,none,none,none
25,25,לא צוין מחיר,הבקעה,"דירה, קרית שרת מזרח, חולון",5,75,none,"קומות בבנין
7","חניות
ללא",1.0,1.0,1.0,1.0,1.0,0.0,1.0,0.0,0.0,0.0,"מצב הנכס
משופץ","תאריך כניסה
כניסה מיידית",0,0,0,none,none,none,none,none,none,none,none,none,none,none,none,none,none
26,26,"1,800,000 ₪",הבקעה,"דירה, קרית שרת מזרח, חולון",3,70,none,"קומות בבנין
3","חניות
ללא",1.0,0.0,0.0,1.0,0.0,0.0,1.0,0.0,0.0,0.0,"מצב הנכס
משופץ","תאריך כניסה
01/06/2023",0,0,0,none,none,none,none,none,none,none,none,none,none,none,none,none,none
27,27,"1,850,000 ₪",הברוש,"דירה, רסקו א', חולון",2,85,none,"קומות בבנין
2","חניות
ללא",1.0,1.0,0.0,1.0,0.0,0.0,0.0,0.0,0.0,0.0,"מצב הנכס
במצב שמור","תאריך כניסה
כניסה מיידית",0,0,0,none,none,none,none,none,none,none,none,none,none,none,1600000,none,none
28,28,לא צוין מחיר,הגרא,"דירה, נאות רחל, חולון",3,65,none,"קומות בבנין
3","חניות
ללא",1.0,0.0,0.0,1.0,0.0,0.0,0.0,1.0,1.0,0.0,"מצב הנכס
במצב שמור","תאריך כניסה
כניסה גמישה",0,0,0,"850,000",936666,"793,000",none,"1,000,000",1022000,"1,200,000",none,1305833,1122462,1098192,1284454,1321250,none
29,29,לא צוין מחיר,הגרא,"דירה, נאות רחל, חולון",3,70,none,"קומות בבנין
3","חניות
ללא",1.0,0.0,0.0,1.0,0.0,0.0,1.0,0.0,0.0,0.0,"מצב הנכס
משופץ","תאריך כניסה
כניסה מיידית",0,0,0,"850,000",936666,"793,000",none,"1,000,000",1022000,"1,200,000",none,1305833,1122462,1098192,1284454,1321250,none
30,30,"1,795,000 ₪",הגרא,"דירה, נאות רחל, חולון",4,67,none,"קומות בבנין
4","חניות
ללא",1.0,1.0,0.0,0.0,0.0,0.0,1.0,0.0,0.0,0.0,"מצב הנכס
משופץ","תאריך כניסה
כניסה מיידית",0,0,0,"850,000",936666,"793,000",none,"1,000,000",1022000,"1,200,000",none,1305833,1122462,1098192,1284454,1321250,none
31,31,"1,690,000 ₪",הגרא,"דירה, נאות רחל, חולון",3,75,none,"קומות בבנין
3","חניות
ללא",1.0,0.0,0.0,1.0,0.0,0.0,0.0,0.0,0.0,1.0,"מצב הנכס
דרוש שיפוץ","תאריך כניסה
כניסה גמישה",0,0,0,"850,000",936666,"793,000",none,"1,000,000",1022000,"1,200,000",none,1305833,1122462,1098192,1284454,1321250,none
32,32,"1,795,000 ₪",הגרא,"דירה, נאות רחל, חולון",2,65,none,"קומות בבנין
4","חניות
ללא",1.0,0.0,0.0,1.0,0.0,0.0,1.0,0.0,0.0,0.0,"מצב הנכס
משופץ","תאריך כניסה
כניסה מיידית",0,0,0,"850,000",936666,"793,000",none,"1,000,000",1022000,"1,200,000",none,1305833,1122462,1098192,1284454,1321250,none
33,33,"1,690,000 ₪",הגרא 12,"דירה, נאות רחל, חולון",2,59,,,,,,,,,,,,,,,,0,0,0,none,"870,000",none,none,none,none,none,none,none,none,none,1250000,none,none
34,34,"1,820,000 ₪",הגרא 25,"דירה, נאות רחל, חולון",2,75,none,"קומות בבנין
4","חניות
1",1.0,1.0,0.0,1.0,0.0,0.0,1.0,0.0,0.0,0.0,"מצב הנכס
משופץ","תאריך כניסה
כניסה מיידית",0,0,0,"850,000",936666,"793,000",none,"1,000,000",1022000,"1,200,000",none,1305833,1122462,1098192,1284454,1321250,none
35,35,"1,750,000 ₪",הגרא 34,"דירה, נאות רחל, חולון",3,75,none,"קומות בבנין
3","חניות
3",1.0,1.0,0.0,1.0,0.0,0.0,1.0,0.0,1.0,0.0,"מצב הנכס
משופץ","תאריך כניסה
כניסה גמישה",0,0,0,"850,000",936666,"793,000",none,"1,000,000",1022000,"1,200,000",none,1305833,1122462,1098192,1284454,1321250,none
36,36,"1,720,000 ₪",הגרא 8,"דירה, נאות רחל, חולון",3,66,none,"קומות בבנין
3","חניות
ללא",1.0,1.0,0.0,1.0,0.0,0.0,0.0,0.0,0.0,0.0,"מצב הנכס
במצב שמור","תאריך כניסה
01/01/2024",0,0,0,none,none,none,none,none,none,none,none,none,none,none,1320000,none,none
37,37,לא צוין מחיר,ההגנה,"דירה, אגרובנק, חולון",1,90,none,"קומות בבנין
3","חניות
ללא",1.0,1.0,1.0,1.0,0.0,0.0,0.0,0.0,1.0,0.0,"מצב הנכס
במצב שמור","תאריך כניסה
כניסה גמישה",0,0,0,"920,000",1125000,"945,000",none,1122500,"1,200,000",none,"1,325,301",none,1361250,1445000,1570000,1742000,none
38,38,"1,720,000 ₪",ההסתדרות,"דירה, רסקו א', חולון",1,56,none,"קומות בבנין
3","חניות
ללא",0.0,1.0,0.0,1.0,0.0,0.0,0.0,0.0,1.0,0.0,"מצב הנכס
במצב שמור","תאריך כניסה
כניסה מיידית",0,0,0,none,none,none,none,none,none,none,none,none,none,none,none,none,none
39,39,"1,720,000 ₪",ההסתדרות,"דירה, רסקו ב', חולון",1,65,none,"קומות בבנין
3","חניות
ללא",1.0,1.0,0.0,1.0,0.0,0.0,0.0,0.0,1.0,0.0,"מצב הנכס
דרוש שיפוץ","תאריך כניסה
כניסה מיידית",0,0,0,none,none,none,none,none,none,none,none,none,none,none,none,none,none
40,40,"1,680,000 ₪",ההסתדרות,"דירה, רסקו ב', חולון",1,52,none,"קומות בבנין
4","חניות
ללא",1.0,0.0,0.0,1.0,0.0,0.0,0.0,0.0,0.0,0.0,"מצב הנכס
במצב שמור","תאריך כניסה
31/10/2023",0,0,0,none,none,none,none,none,none,none,none,none,none,none,none,none,none
41,41,"1,750,000 ₪",הוז דב,"דירה, תל גיבורים, חולון",3,72,none,"קומות בבנין
3","חניות
1",1.0,1.0,0.0,1.0,1.0,0.0,0.0,0.0,0.0,0.0,"מצב הנכס
במצב שמור","תאריך כניסה
לא צוין תאריך כניסה",0,0,0,845000,820000,none,913439,none,1040000,none,"1,100,000",1280000,1303916,1126142,1220518,1419000,none
42,42,"1,790,000 ₪",הוז דב,"דירה, תל גיבורים, חולון",2,66,none,"קומות בבנין
3","חניות
ללא",1.0,1.0,0.0,1.0,0.0,0.0,0.0,0.0,0.0,0.0,"מצב הנכס
במצב שמור","תאריך כניסה
כניסה גמישה",0,0,0,845000,820000,none,913439,none,1040000,none,"1,100,000",1280000,1303916,1126142,1220518,1419000,none
43,43,"2,050,000 ₪",הוז דב,"דירה, חולון",3,70,"מרפסות
1","קומות בבנין
5","חניות
1",1.0,1.0,1.0,1.0,1.0,1.0,1.0,0.0,1.0,0.0,"מצב הנכס
חדש","תאריך כניסה
כניסה גמישה",0,0,0,845000,820000,none,913439,none,1040000,none,"1,100,000",1280000,1303916,1126142,1220518,1419000,none
44,44,"1,599,000 ₪",הוז דב,"דירה, גרין ועם, חולון",3,70,"מרפסות
1","קומות בבנין
3","חניות
ללא",1.0,0.0,0.0,1.0,0.0,0.0,0.0,0.0,0.0,0.0,"מצב הנכס
במצב שמור","תאריך כניסה
כניסה מיידית",0,0,0,845000,820000,none,913439,none,1040000,none,"1,100,000",1280000,1303916,1126142,1220518,1419000,none
45,45,"1,950,000 ₪",הוז דב 3,"דירה, נאות רחל, חולון",2,88,none,"קומות בבנין
3","חניות
ללא",1.0,0.0,0.0,1.0,0.0,0.0,0.0,0.0,0.0,0.0,"מצב הנכס
במצב שמור","תאריך כניסה
כניסה מיידית",0,0,0,"800,000",none,none,none,none,none,none,none,none,none,none,none,none,none
46,46,"1,770,000 ₪",הוז דב 56,"דירה, תל גיבורים, חולון",2,70,"מרפסות
1","קומות בבנין
3","חניות
ללא",1.0,1.0,0.0,1.0,0.0,0.0,1.0,0.0,1.0,0.0,"מצב הנכס
משופץ","תאריך כניסה
כניסה גמישה",0,0,0,none,none,none,none,none,"1,100,000",none,none,none,none,none,none,none,none
47,47,"1,950,000 ₪",הוז דב 69,"דירה, נאות רחל, חולון",2,58,none,"קומות בבנין
3","חניות
1",1.0,0.0,1.0,1.0,0.0,1.0,1.0,0.0,1.0,0.0,"מצב הנכס
משופץ","תאריך כניסה
כניסה גמישה",0,0,0,none,none,none,none,none,none,none,none,none,1440000,none,1400000,none,none
48,48,"1,680,000 ₪",החים,"דירה, תל גיבורים, חולון",2,55,none,"קומות בבנין
3","חניות
1",1.0,1.0,0.0,1.0,0.0,0.0,0.0,0.0,0.0,0.0,"מצב הנכס
במצב שמור","תאריך כניסה
כניסה גמישה",0,0,0,none,none,none,none,none,none,none,none,1160000,1500000,1190000,1166250,1480000,none
49,49,"1,830,000 ₪",החלוץ,"דירה, נווה רמז, חולון",1,70,none,"קומות בבנין
2","חניות
ללא",1.0,0.0,0.0,1.0,0.0,1.0,0.0,0.0,0.0,0.0,"מצב הנכס
במצב שמור","תאריך כניסה
01/07/2023",0,0,0,none,none,none,none,none,none,none,none,none,none,none,none,none,none
50,50,לא צוין מחיר,החרמון 8,"דירה, קרית שרת מזרח, חולון",4,68,none,"קומות בבנין
4","חניות
ללא",1.0,0.0,0.0,1.0,0.0,0.0,0.0,0.0,0.0,1.0,"מצב הנכס
משופץ","תאריך כניסה
כניסה מיידית",0,0,0,none,none,none,none,none,none,"1,150,000",none,none,none,none,none,none,none
51,51,"1,750,000 ₪",החשמונאים,"דירה, חולון",4,60,none,"קומות בבנין
4","חניות
ללא",1.0,1.0,0.0,0.0,0.0,0.0,0.0,0.0,0.0,0.0,"מצב הנכס
במצב שמור","תאריך כניסה
לא צוין תאריך כניסה",0,0,0,804166,885000,none,none,none,"1,140,000",1915000,none,1350000,1401250,1417500,1332200,1398750,none
52,52,"2,520,000 ₪",המכבים 15,"דירה, מרכז, קרית עבודה, חולון",1,95,"מרפסות
2","קומות בבנין
5","חניות
1",1.0,0.0,1.0,1.0,1.0,1.0,1.0,0.0,1.0,0.0,"מצב הנכס
משופץ","תאריך כניסה
כניסה מיידית",0,0,0,none,"1,250,000","1,000,000",none,none,1046250,"1,580,000",none,1420000,1466666,1230000,none,1312500,none
53,53,"1,890,000 ₪",המכבים 3,"דירה, מרכז, קרית עבודה, חולון",2,62,none,"קומות בבנין
4","חניות
ללא",1.0,0.0,0.0,0.0,0.0,0.0,0.0,0.0,0.0,0.0,"מצב הנכס
במצב שמור","תאריך כניסה
כניסה גמישה",0,0,0,none,none,none,none,none,none,none,none,none,1300000,1150000,none,none,none
54,54,"1,800,000 ₪",המעפילים,"דירה, גרין ועם, חולון",3,58,none,"קומות בבנין
3","חניות
ללא",1.0,1.0,0.0,1.0,0.0,0.0,0.0,0.0,1.0,0.0,"מצב הנכס
במצב שמור","תאריך כניסה
כניסה מיידית",0,0,0,757500,707500,765000,none,922500,none,none,none,1017200,1241750,1245000,1296474,1335000,1272000
55,55,לא צוין מחיר,הנוטרים,"דירה, אגרובנק, חולון",4,65,none,"קומות בבנין
5","חניות
1",1.0,0.0,1.0,1.0,1.0,1.0,1.0,0.0,0.0,0.0,"מצב הנכס
משופץ","תאריך כניסה
כניסה מיידית",0,0,0,none,none,none,"1,025,000","1,000,000","1,320,000",none,none,1579100,1662500,none,1485000,1566666,none
56,56,"1,790,000 ₪",הנוטרים,"דירה, אגרובנק, חולון",2,70,none,"קומות בבנין
4","חניות
ללא",1.0,1.0,1.0,1.0,1.0,0.0,1.0,0.0,1.0,0.0,"מצב הנכס
משופץ","תאריך כניסה
31/07/2023",0,0,0,none,none,none,"1,025,000","1,000,000","1,320,000",none,none,1579100,1662500,none,1485000,1566666,none
57,57,"2,350,000 ₪",הסיגלון,"דירה, נאות שושנים, חולון",6,85,"מרפסות
1","קומות בבנין
7","חניות
1",0.0,0.0,1.0,0.0,1.0,1.0,1.0,0.0,0.0,0.0,"מצב הנכס
חדש מקבלן","תאריך כניסה
לא צוין תאריך כניסה",0,0,0,none,none,none,none,none,none,none,none,none,none,none,none,none,none
58,58,"1,690,000 ₪",הסנהדרין,"דירה, ג'סי כהן, חולון",3,59,none,"קומות בבנין
3","חניות
ללא",1.0,1.0,0.0,1.0,0.0,0.0,1.0,0.0,1.0,1.0,"מצב הנכס
משופץ","תאריך כניסה
כניסה מיידית",0,0,0,"720,000",none,none,899473,"690,000","825,000",none,none,1150000,none,1000000,1396712,832000,none
59,59,לא צוין מחיר,הסנהדרין,"דירה, חולון",3,65,none,"קומות בבנין
3","חניות
ללא",1.0,1.0,0.0,1.0,0.0,0.0,1.0,0.0,1.0,0.0,"מצב הנכס
במצב שמור","תאריך כניסה
כניסה גמישה",0,0,0,"720,000",none,none,899473,"690,000","825,000",none,none,1150000,none,1000000,1396712,832000,none
60,60,"1,699,999 ₪",הסנהדרין,"דירה, ג'סי כהן, חולון",1,60,none,"קומות בבנין
3","חניות
ללא",1.0,0.0,0.0,0.0,0.0,0.0,0.0,0.0,1.0,0.0,"מצב הנכס
במצב שמור","תאריך כניסה
כניסה גמישה",0,0,0,"720,000",none,none,899473,"690,000","825,000",none,none,1150000,none,1000000,1396712,832000,none
61,61,"2,050,000 ₪",העם אחד,"דירה, רסקו א', חולון",3,77,none,"קומות בבנין
4","חניות
1",1.0,0.0,1.0,1.0,1.0,0.0,0.0,0.0,0.0,1.0,"מצב הנכס
במצב שמור","תאריך כניסה
כניסה מיידית",1,0,0,none,none,925000,none,"870,000",1180000,none,none,none,1470000,1466881,1500000,1790750,none
62,62,"1,720,000 ₪",הערבה,"דירה, ג'סי כהן, חולון",4,68,none,"קומות בבנין
4","חניות
ללא",1.0,0.0,0.0,1.0,0.0,0.0,0.0,0.0,0.0,0.0,"מצב הנכס
במצב שמור","תאריך כניסה
כניסה מיידית",0,0,0,659380,705600,676666,797500,805625,847187,"1,000,000",none,1068809,1181333,994944,1263000,1305547,1700000
63,63,"1,600,000 ₪",הערבה,"דירה, ג'סי כהן, חולון",2,62,none,"קומות בבנין
3","חניות
ללא",1.0,0.0,0.0,1.0,0.0,0.0,1.0,0.0,1.0,0.0,"מצב הנכס
משופץ","תאריך כניסה
לא צוין תאריך כניסה",0,0,0,659380,705600,676666,797500,805625,847187,"1,000,000",none,1068809,1181333,994944,1263000,1305547,1700000
64,64,לא צוין מחיר,הערבה,"דירה, ג'סי כהן, חולון",4,60,none,"קומות בבנין
4","חניות
ללא",1.0,1.0,0.0,1.0,0.0,0.0,0.0,0.0,1.0,0.0,"מצב הנכס
במצב שמור","תאריך כניסה
כניסה גמישה",0,0,0,659380,705600,676666,797500,805625,847187,"1,000,000",none,1068809,1181333,994944,1263000,1305547,1700000
65,65,"2,250,000 ₪",הצופית,"דירה, מפדה אזרחי, חולון",1,75,"מרפסות
1","קומות בבנין
1","חניות
ללא",1.0,0.0,0.0,1.0,0.0,0.0,1.0,0.0,0.0,0.0,"מצב הנכס
משופץ","תאריך כניסה
כניסה גמישה",0,0,0,1080000,none,none,"1,040,000",none,1212500,none,none,1100000,1380000,1250000,1390000,none,none
66,66,"1,960,000 ₪",הר הצופים,"דירה, קרית שרת מזרח, חולון",7,72,,,,,,,,,,,,,,,,0,0,0,820000,793421,753720,800000,972222,1002625,"1,422,000",1310000,1086000,1172142,1140000,1347923,1315500,none
67,67,"1,895,000 ₪",הר הצופים,"דירה, קרית שרת מזרח, חולון",1,70,none,"קומות בבנין
4","חניות
ללא",1.0,1.0,0.0,1.0,0.0,0.0,1.0,0.0,0.0,0.0,"מצב הנכס
משופץ","תאריך כניסה
כניסה גמישה",0,0,0,820000,793421,753720,800000,972222,1002625,"1,422,000",1310000,1086000,1172142,1140000,1347923,1315500,none
68,68,"1,690,000 ₪",הר הצופים,"דירה, קרית שרת מזרח, חולון",3,70,none,"קומות בבנין
3","חניות
ללא",1.0,0.0,0.0,1.0,0.0,0.0,0.0,0.0,0.0,0.0,"מצב הנכס
במצב שמור","תאריך כניסה
לא צוין תאריך כניסה",0,0,0,820000,793421,753720,800000,972222,1002625,"1,422,000",1310000,1086000,1172142,1140000,1347923,1315500,none
69,69,לא צוין מחיר,הר הצופים,"דירה, קרית שרת מזרח, חולון",1,65,"מרפסות
1","קומות בבנין
3","חניות
ללא",1.0,1.0,0.0,1.0,0.0,0.0,1.0,0.0,1.0,0.0,"מצב הנכס
משופץ","תאריך כניסה
כניסה גמישה",0,0,0,820000,793421,753720,800000,972222,1002625,"1,422,000",1310000,1086000,1172142,1140000,1347923,1315500,none
70,70,"1,840,000 ₪",השומר 1,"דירה, אגרובנק, חולון",3,47,none,"קומות בבנין
3","חניות
ללא",1.0,0.0,0.0,1.0,0.0,0.0,0.0,0.0,0.0,0.0,"מצב הנכס
במצב שמור","תאריך כניסה
כניסה גמישה",0,0,0,none,none,none,none,none,none,none,none,none,none,none,775000,1720000,none
71,71,"2,350,000 ₪",השומרון 3,"דירה, אגרובנק, חולון",קרקע,50,none,"קומות בבנין
4","חניות
ללא",0.0,1.0,0.0,0.0,1.0,0.0,0.0,0.0,0.0,0.0,"מצב הנכס
משופץ","תאריך כניסה
כניסה מיידית",0,0,0,none,none,none,none,none,none,none,none,none,1363000,none,none,1577000,none
72,72,"2,000,000 ₪",השילוח,"דירה, קרית שרת מזרח, חולון",2,78,none,"קומות בבנין
6","חניות
ללא",1.0,0.0,1.0,1.0,1.0,0.0,0.0,0.0,1.0,0.0,"מצב הנכס
דרוש שיפוץ","תאריך כניסה
כניסה מיידית",0,0,0,685000,"700,000","800,000","1,050,000",978333,"1,100,000",none,none,1150000,1250000,1438000,1239000,1468250,1059250
73,73,"1,650,000 ₪",התותחנים,"דירה, תל גיבורים, חולון",2,60,none,"קומות בבנין
3","חניות
ללא",0.0,0.0,0.0,1.0,0.0,0.0,0.0,0.0,1.0,0.0,"מצב הנכס
במצב שמור","תאריך כניסה
לא צוין תאריך כניסה",0,0,0,"1,350,000",none,633000,none,none,none,none,none,1031166,998500,none,1160000,1403000,1550000
74,74,"1,700,000 ₪",התותחנים,"דירה, תל גיבורים, חולון",3,60,none,"קומות בבנין
3","חניות
ללא",1.0,0.0,0.0,1.0,0.0,0.0,0.0,0.0,0.0,0.0,"מצב הנכס
במצב שמור","תאריך כניסה
כניסה גמישה",0,0,0,"1,350,000",none,633000,none,none,none,none,none,1031166,998500,none,1160000,1403000,1550000
75,75,"1,649,000 ₪",התותחנים,"דירה, תל גיבורים, חולון",3,60,"מרפסות
1","קומות בבנין
3","חניות
ללא",1.0,1.0,0.0,1.0,0.0,0.0,1.0,0.0,0.0,1.0,"מצב הנכס
משופץ","תאריך כניסה
כניסה מיידית",0,0,0,"1,350,000",none,633000,none,none,none,none,none,1031166,998500,none,1160000,1403000,1550000
76,76,"1,850,000 ₪",התותחנים 11,"דירה, תל גיבורים, חולון",2,54,none,"קומות בבנין
3","חניות
ללא",1.0,1.0,0.0,1.0,0.0,0.0,1.0,0.0,0.0,0.0,"מצב הנכס
משופץ","תאריך כניסה
כניסה גמישה",0,0,0,none,none,"500,000",none,none,none,none,none,892333,none,none,none,1410000,none
77,77,"1,985,000 ₪",התותחנים 11,"דירה, תל גיבורים, חולון",1,54,none,"קומות בבנין
3","חניות
ללא",1.0,1.0,0.0,1.0,0.0,0.0,1.0,0.0,0.0,0.0,"מצב הנכס
משופץ","תאריך כניסה
כניסה מיידית",0,0,0,none,none,"500,000",none,none,none,none,none,892333,none,none,none,1410000,none
78,78,"1,720,000 ₪",התותחנים 15,"דירה, תל גיבורים, חולון",3,51,none,"קומות בבנין
3","חניות
ללא",0.0,0.0,0.0,0.0,0.0,0.0,0.0,0.0,0.0,0.0,"מצב הנכס
במצב שמור","תאריך כניסה
כניסה מיידית",0,0,0,none,none,none,none,none,none,none,none,none,none,none,1030000,none,none
79,79,לא צוין מחיר,התחמושת גבעת,"דירה, קרית שרת מערב, חולון",5,70,"מרפסות
1","קומות בבנין
9","חניות
ללא",1.0,0.0,1.0,1.0,1.0,0.0,0.0,0.0,0.0,0.0,"מצב הנכס
במצב שמור","תאריך כניסה
כניסה מיידית",0,0,0,none,963000,910000,"900,000","1,070,000",1283333,"1,590,000",1385000,1423750,1220416,1630000,1246666,1025000,none
80,80,"1,890,000 ₪",התחמושת גבעת,"דירה, קרית שרת מערב, חולון",1,55,,,,,,,,,,,,,,,,0,0,0,none,963000,910000,"900,000","1,070,000",1283333,"1,590,000",1385000,1423750,1220416,1630000,1246666,1025000,none
81,81,"2,100,000 ₪",ולפסון,"דירה, רסקו א', חולון",3,75,none,"קומות בבנין
4","חניות
1",1.0,0.0,1.0,1.0,1.0,0.0,1.0,0.0,0.0,0.0,"מצב הנכס
משופץ","תאריך כניסה
כניסה גמישה",0,0,0,"1,092,500",992000,943750,1077500,1125000,1190000,"1,480,000",none,1400000,1377500,1220000,1427500,1390416,none
82,82,"2,070,000 ₪",זבוטינסקי זאב,"דירה, אגרובנק, חולון",2,63,none,"קומות בבנין
4","חניות
1",0.0,0.0,1.0,0.0,0.0,0.0,0.0,0.0,0.0,1.0,"מצב הנכס
במצב שמור","תאריך כניסה
כניסה גמישה",0,0,0,none,none,none,none,none,none,none,none,none,none,none,none,none,none
83,83,"2,190,000 ₪",זבוטינסקי זאב 15,"דירה, אגרובנק, חולון",3,93,none,"קומות בבנין
3","חניות
ללא",1.0,0.0,1.0,1.0,0.0,0.0,1.0,0.0,0.0,0.0,"מצב הנכס
משופץ","תאריך כניסה
לא צוין תאריך כניסה",1,0,0,none,none,none,none,none,none,none,none,none,none,none,none,none,none
84,84,"2,450,000 ₪",זבוטינסקי זאב 21,"דירה, אגרובנק, חולון",4,84,none,"קומות בבנין
4","חניות
1",1.0,1.0,1.0,1.0,0.0,0.0,1.0,0.0,0.0,0.0,"מצב הנכס
משופץ","תאריך כניסה
כניסה גמישה",0,0,0,none,none,none,none,none,none,none,none,none,none,none,none,none,none
85,85,"1,990,000 ₪",זלמן ארן,"דירה, נאות רחל, חולון",1,70,none,"קומות בבנין
3","חניות
1",1.0,0.0,0.0,0.0,0.0,0.0,0.0,0.0,0.0,1.0,"מצב הנכס
במצב שמור","תאריך כניסה
כניסה גמישה",0,0,0,928125,860000,974250,1076666,1104229,1365000,1390000,"1,320,000",1470000,1420000,1410321,1486666,1619250,1840000
86,86,"1,850,000 ₪",חולון,"דירה, חולון",2,85,none,"קומות בבנין
4","חניות
ללא",0.0,0.0,0.0,0.0,0.0,0.0,0.0,0.0,0.0,0.0,"מצב הנכס
דרוש שיפוץ","תאריך כניסה
כניסה גמישה",0,0,0,"850,000",none,"930,000",1105000,none,1258500,"1,500,000","1,750,000",none,none,1247500,none,none,none
87,87,"1,720,000 ₪",חולון,"דירה, חולון",1,60,none,"קומות בבנין
4","חניות
ללא",1.0,1.0,0.0,1.0,0.0,0.0,0.0,0.0,1.0,0.0,"מצב הנכס
במצב שמור","תאריך כניסה
כניסה גמישה",0,0,0,"850,000",none,"930,000",1105000,none,1258500,"1,500,000","1,750,000",none,none,1247500,none,none,none
88,88,"1,960,000 ₪",חולון,"דירה, חולון",2,78,none,"קומות בבנין
4","חניות
ללא",1.0,0.0,0.0,1.0,0.0,0.0,1.0,1.0,1.0,0.0,"מצב הנכס
משופץ","תאריך כניסה
כניסה מיידית",0,0,0,"850,000",none,"930,000",1105000,none,1258500,"1,500,000","1,750,000",none,none,1247500,none,none,none
89,89,לא צוין מחיר,חולון,"דירה, חולון",4,60,none,"קומות בבנין
4","חניות
ללא",1.0,1.0,0.0,1.0,0.0,0.0,1.0,0.0,1.0,0.0,"מצב הנכס
משופץ","תאריך כניסה
כניסה מיידית",0,0,0,"850,000",none,"930,000",1105000,none,1258500,"1,500,000","1,750,000",none,none,1247500,none,none,none
90,90,"2,290,000 ₪",חולון,"דירה, חולון",2,56,"מרפסות
1","קומות בבנין
6","חניות
1",1.0,1.0,1.0,1.0,1.0,1.0,0.0,0.0,0.0,1.0,"מצב הנכס
במצב שמור","תאריך כניסה
כניסה מיידית",0,0,0,"850,000",none,"930,000",1105000,none,1258500,"1,500,000","1,750,000",none,none,1247500,none,none,none
91,91,"2,270,000 ₪",חולון,"דירה, חולון",6,90,none,"קומות בבנין
8","חניות
ללא",1.0,0.0,1.0,1.0,1.0,0.0,1.0,0.0,1.0,0.0,"מצב הנכס
משופץ","תאריך כניסה
לא צוין תאריך כניסה",0,0,0,"850,000",none,"930,000",1105000,none,1258500,"1,500,000","1,750,000",none,none,1247500,none,none,none
92,92,לא צוין מחיר,טרומפלדור,"דירה, אגרובנק, חולון",3,90,none,"קומות בבנין
4","חניות
1",1.0,0.0,1.0,1.0,0.0,0.0,1.0,0.0,1.0,0.0,"מצב הנכס
משופץ","תאריך כניסה
לא צוין תאריך כניסה",0,0,0,none,none,none,none,"1,100,000",1327750,none,none,1630000,1525000,1451000,1653000,1655500,none
93,93,"2,100,000 ₪",יבנה,"דירה, מרכז, קרית עבודה, חולון",1,70,none,"קומות בבנין
4","חניות
1",1.0,0.0,1.0,1.0,0.0,0.0,1.0,0.0,1.0,0.0,"מצב הנכס
משופץ","תאריך כניסה
01/01/2024",0,0,0,"805,000",none,none,none,"1,260,000","1,280,000","1,450,000",none,none,1490000,1300000,1550000,1695000,none
94,94,"2,390,000 ₪",יבנה 13,"דירה, מרכז, קרית עבודה, חולון",1,90,none,"קומות בבנין
4","חניות
1",1.0,0.0,1.0,1.0,0.0,0.0,0.0,0.0,0.0,0.0,"מצב הנכס
במצב שמור","תאריך כניסה
כניסה מיידית",0,0,0,none,none,none,none,none,none,"1,450,000",none,none,none,none,none,none,none
95,95,"2,295,000 ₪",יהודה בן אליעזר,"דירה, אגרובנק, חולון",1,74,"מרפסות
1","קומות בבנין
7","חניות
1",1.0,0.0,1.0,1.0,1.0,1.0,1.0,0.0,0.0,1.0,"מצב הנכס
חדש","תאריך כניסה
כניסה גמישה",0,0,0,none,none,none,none,none,none,none,"2,000,000","1,900,000",none,none,none,none,none
96,96,"2,190,000 ₪",יהושע חנקין,"דירה, אגרובנק, חולון",5,68,"מרפסות
1","קומות בבנין
7","חניות
1",1.0,0.0,1.0,1.0,1.0,1.0,1.0,1.0,0.0,1.0,"מצב הנכס
חדש","תאריך כניסה
כניסה גמישה",0,0,0,none,none,none,none,none,none,none,none,"1,500,000","1,715,000",none,none,none,none
97,97,"2,200,000 ₪",יהושע חנקין,"דירה, אגרובנק, חולון",2,77,none,"קומות בבנין
2","חניות
ללא",1.0,0.0,0.0,1.0,0.0,0.0,1.0,0.0,0.0,0.0,"מצב הנכס
משופץ","תאריך כניסה
כניסה מיידית",0,0,0,none,none,none,none,none,none,none,none,"1,500,000","1,715,000",none,none,none,none
98,98,"2,240,000 ₪",יהושע חנקין,"דירה, אגרובנק, חולון",6,65,"מרפסות
1","קומות בבנין
7","חניות
1",1.0,0.0,1.0,1.0,1.0,1.0,1.0,0.0,0.0,0.0,"מצב הנכס
חדש","תאריך כניסה
כניסה גמישה",0,0,0,none,none,none,none,none,none,none,none,"1,500,000","1,715,000",none,none,none,none
99,99,"1,950,000 ₪",יהושע חנקין,"דירה, חולון",3,80,none,"קומות בבנין
3","חניות
ללא",0.0,0.0,0.0,0.0,0.0,0.0,0.0,0.0,0.0,0.0,"מצב הנכס
דרוש שיפוץ","תאריך כניסה
כניסה מיידית",0,0,0,none,none,none,none,none,none,none,none,"1,500,000","1,715,000",none,none,none,none
100,100,"2,250,000 ₪",יהושע חנקין,"דירה, אגרובנק, חולון",3,80,"מרפסות
2","קומות בבנין
8","חניות
ללא",1.0,0.0,1.0,0.0,0.0,1.0,1.0,0.0,0.0,1.0,"מצב הנכס
משופץ","תאריך כניסה
כניסה גמישה",0,0,0,none,none,none,none,none,none,none,none,"1,500,000","1,715,000",none,none,none,none
101,101,"1,720,000 ₪",יהושע חנקין,"דירה, מרכז, קרית עבודה, חולון",3,84,none,"קומות בבנין
3","חניות
1",1.0,0.0,0.0,1.0,0.0,0.0,0.0,0.0,1.0,0.0,"מצב הנכס
במצב שמור","תאריך כניסה
כניסה מיידית",0,0,0,none,none,none,none,none,none,none,none,"1,500,000","1,715,000",none,none,none,none
102,102,"2,520,000 ₪",יהושע חנקין,"דירה, אגרובנק, חולון",4,77,"מרפסות
1","קומות בבנין
7","חניות
1",1.0,0.0,1.0,1.0,1.0,1.0,1.0,0.0,0.0,0.0,"מצב הנכס
חדש מקבלן","תאריך כניסה
לא צוין תאריך כניסה",0,0,0,none,none,none,none,none,none,none,none,"1,500,000","1,715,000",none,none,none,none
103,103,"1,990,000 ₪",יהושע חנקין,"דירה, מרכז, קרית עבודה, חולון",4,79,"מרפסות
1","קומות בבנין
4","חניות
ללא",1.0,1.0,0.0,1.0,0.0,0.0,0.0,1.0,1.0,1.0,"מצב הנכס
במצב שמור","תאריך כניסה
כניסה מיידית",0,0,0,none,none,none,none,none,none,none,none,"1,500,000","1,715,000",none,none,none,none
104,104,"2,490,000 ₪",יהושע חנקין 35,"דירה, אגרובנק, חולון",1,85,"מרפסות
1","קומות בבנין
6","חניות
1",1.0,1.0,1.0,1.0,1.0,1.0,1.0,1.0,1.0,1.0,"מצב הנכס
חדש","תאריך כניסה
כניסה מיידית",0,0,0,none,none,none,none,none,none,none,none,"1,500,000","1,715,000",none,none,none,none
105,105,"1,850,000 ₪",יוטבתה,"דירה, חולון",3,60,"מרפסות
1","קומות בבנין
3","חניות
ללא",1.0,0.0,0.0,1.0,0.0,0.0,0.0,0.0,0.0,0.0,"מצב הנכס
במצב שמור","תאריך כניסה
כניסה גמישה",0,0,0,none,none,none,none,none,none,none,none,none,none,none,none,none,none
106,106,"1,990,000 ₪",יוסף אהרונוביץ,"דירה, שיכון ותיקים, חולון",4,47,none,"קומות בבנין
4","חניות
ללא",1.0,0.0,0.0,0.0,0.0,0.0,0.0,0.0,0.0,0.0,"מצב הנכס
במצב שמור","תאריך כניסה
כניסה גמישה",0,0,0,none,"560,000",none,none,none,none,none,"1,250,000",1400000,none,1570000,none,none,none
107,107,"2,050,000 ₪",יוסף אהרונוביץ 51,"דירה, שיכון ותיקים, חולון",3,80,none,"קומות בבנין
3","חניות
ללא",1.0,0.0,0.0,1.0,0.0,0.0,1.0,0.0,0.0,0.0,"מצב הנכס
משופץ","תאריך כניסה
כניסה גמישה",0,0,1,none,"560,000",none,none,none,none,none,"1,250,000",1400000,none,1570000,none,none,none
108,108,"1,949,000 ₪",יוסף הנשיא דון,"דירה, גרין ועם, חולון",2,70,"מרפסות
1","קומות בבנין
4","חניות
1",1.0,0.0,1.0,1.0,1.0,1.0,1.0,0.0,0.0,1.0,"מצב הנכס
משופץ","תאריך כניסה
כניסה גמישה",0,0,0,none,none,none,none,none,none,none,none,none,none,none,none,none,none
109,109,"2,300,000 ₪",יצחק הרב הלוי 17,"דירה, חולון",4,80,"מרפסות
2","קומות בבנין
4","חניות
1",1.0,0.0,1.0,1.0,0.0,1.0,0.0,1.0,1.0,0.0,"מצב הנכס
משופץ","תאריך כניסה
30/12/2023",0,0,0,none,none,none,none,none,none,"1,050,000",none,none,none,none,none,none,none
110,110,לא צוין מחיר,ירושלים 91,"דירה, נאות יהודית ונווה ארזים, חולון",1,55,none,"קומות בבנין
4","חניות
ללא",1.0,0.0,0.0,0.0,0.0,0.0,0.0,0.0,0.0,0.0,"מצב הנכס
במצב שמור","תאריך כניסה
כניסה גמישה",0,0,0,1080000,806000,"1,018,000","1,040,000",none,none,1162500,1085000,none,1490333,1103833,1345000,none,none
111,111,"1,700,000 ₪",ירמיהו,"דירה, נאות יהודית ונווה ארזים, חולון",1,65,none,"קומות בבנין
3","חניות
ללא",0.0,0.0,0.0,0.0,0.0,0.0,0.0,0.0,0.0,0.0,"מצב הנכס
דרוש שיפוץ","תאריך כניסה
15/07/2023",0,0,0,775602,789856,812986,707000,"765,000",1059500,"1,010,000",1205000,1232500,1362333,1087152,1079708,270000,none
112,112,"1,995,000 ₪",ישראל חכמי,"דירה, קרית מיכה, חולון",1,71,none,"קומות בבנין
4","חניות
1",1.0,1.0,1.0,1.0,1.0,0.0,1.0,0.0,1.0,0.0,"מצב הנכס
משופץ","תאריך כניסה
כניסה גמישה",0,0,0,none,none,none,none,none,none,none,none,none,none,none,none,none,none
113,113,"2,150,000 ₪",ישראל חכמי,"דירה, קרית מיכה, חולון",4,75,"מרפסות
1","קומות בבנין
5","חניות
1",1.0,1.0,1.0,1.0,1.0,1.0,1.0,1.0,1.0,0.0,"מצב הנכס
משופץ","תאריך כניסה
כניסה גמישה",1,0,0,none,none,none,none,none,none,none,none,none,none,none,none,none,none
114,114,"1,850,000 ₪",כהן אלי,"דירה, חולון",1,85,none,"קומות בבנין
3","חניות
ללא",0.0,0.0,0.0,1.0,0.0,0.0,0.0,0.0,0.0,0.0,"מצב הנכס
דרוש שיפוץ","תאריך כניסה
כניסה מיידית",0,0,0,970000,920000,1036000,1077892,1075000,"900,000","1,400,000",1100000,none,none,1445000,1454285,1843666,none
115,115,לא צוין מחיר,כהן גסי,"דירה, ג'סי כהן, חולון",4,68,none,"קומות בבנין
4","חניות
ללא",1.0,1.0,0.0,1.0,0.0,0.0,1.0,0.0,1.0,0.0,"מצב הנכס
במצב שמור","תאריך כניסה
כניסה מיידית",0,0,0,none,none,none,none,none,none,none,none,none,none,none,none,none,none
116,116,"2,050,000 ₪",לחי 1,"דירה, תל גיבורים, חולון",1,135,"מרפסות
1","קומות בבנין
1","חניות
1",1.0,0.0,0.0,1.0,0.0,0.0,1.0,1.0,1.0,0.0,"מצב הנכס
משופץ","תאריך כניסה
כניסה מיידית",0,0,0,none,none,none,none,none,none,"1,170,000",none,none,none,none,none,none,none
117,117,"1,850,000 ₪",ליאון בלום 54,"דירה, מרכז, קרית עבודה, חולון",3,60,none,"קומות בבנין
3","חניות
ללא",1.0,0.0,0.0,1.0,0.0,0.0,0.0,0.0,0.0,0.0,"מצב הנכס
במצב שמור","תאריך כניסה
כניסה גמישה",0,0,0,none,none,none,none,none,none,none,none,none,none,none,none,none,none
118,118,"1,850,000 ₪",לנדאו חים,"דירה, בן גוריון, חולון",4,70,none,"קומות בבנין
6","חניות
1",0.0,0.0,1.0,0.0,0.0,0.0,0.0,0.0,0.0,0.0,"מצב הנכס
במצב שמור","תאריך כניסה
כניסה מיידית",0,0,0,none,none,none,none,none,none,none,none,none,none,none,none,none,none
119,119,"2,020,000 ₪",מימון הרב 8,"דירה, רסקו א', חולון",3,74,none,"קומות בבנין
4","חניות
1",1.0,0.0,1.0,1.0,0.0,0.0,1.0,0.0,0.0,0.0,"מצב הנכס
משופץ","תאריך כניסה
כניסה גמישה",0,0,0,none,none,none,none,none,none,none,1375000,none,none,none,none,none,none
120,120,"1,895,000 ₪",מעלות,"דירה, נאות יהודית ונווה ארזים, חולון",6,85,"מרפסות
1","קומות בבנין
7","חניות
1",1.0,0.0,1.0,1.0,1.0,0.0,1.0,0.0,1.0,0.0,"מצב הנכס
משופץ","תאריך כניסה
לא צוין תאריך כניסה",0,0,0,895071,1038600,953500,953791,1082812,1162500,1282042,800920,1383062,1298875,1467500,1385859,1501300,1730000
121,121,"1,830,000 ₪",מעלות,"דירה, נאות יהודית ונווה ארזים, חולון",6,72,none,"קומות בבנין
7","חניות
ללא",1.0,0.0,1.0,1.0,1.0,0.0,1.0,0.0,0.0,1.0,"מצב הנכס
משופץ","תאריך כניסה
כניסה גמישה",0,0,0,895071,1038600,953500,953791,1082812,1162500,1282042,800920,1383062,1298875,1467500,1385859,1501300,1730000
122,122,"1,950,000 ₪",מעלות 16,"דירה, נאות יהודית ונווה ארזים, חולון",6,57,"מרפסות
1","קומות בבנין
7","חניות
1",1.0,0.0,1.0,0.0,0.0,0.0,0.0,0.0,0.0,0.0,none,"תאריך כניסה
כניסה מיידית",0,0,0,"1,080,000",none,1002224,"1,092,000",none,1190000,"1,375,000","1,365,000",1422000,1216250,1380000,1218439,991200,none
123,123,"1,800,000 ₪",נאות יהודית ונוה ארזים,"דירה, נאות יהודית ונווה ארזים, חולון",4,68,none,"קומות בבנין
7","חניות
ללא",1.0,0.0,1.0,0.0,1.0,0.0,0.0,0.0,0.0,0.0,"מצב הנכס
במצב שמור","תאריך כניסה
כניסה גמישה",0,0,0,none,none,none,none,none,none,none,none,none,none,none,none,none,none
124,124,לא צוין מחיר,נסים יצחק הרב,"דירה, קרית מיכה, חולון",2,76,"מרפסות
1","קומות בבנין
8","חניות
1",1.0,1.0,1.0,1.0,0.0,0.0,1.0,1.0,1.0,0.0,"מצב הנכס
משופץ","תאריך כניסה
כניסה מיידית",0,0,0,none,none,none,none,none,none,none,"900,900","1,400,000",none,none,none,none,none
125,125,"2,260,000 ₪",נסים יצחק הרב 7,"דירה, קרית מיכה, חולון",1,87,"מרפסות
1","קומות בבנין
8","חניות
1",1.0,0.0,1.0,0.0,1.0,0.0,1.0,0.0,0.0,0.0,"מצב הנכס
משופץ","תאריך כניסה
31/07/2023",0,0,0,none,none,none,none,none,none,none,"900,900","1,400,000",none,none,none,none,none
126,126,"2,080,000 ₪",סוקולוב,"דירה, מרכז, קרית עבודה, חולון",3,70,none,"קומות בבנין
3","חניות
ללא",1.0,0.0,0.0,1.0,0.0,0.0,0.0,0.0,0.0,0.0,"מצב הנכס
במצב שמור","תאריך כניסה
כניסה מיידית",0,0,0,821666,965340,807733,912700,1016666,1248333,1411666,1260000,1252250,1276050,1206428,1431600,1488863,none
127,127,"1,899,000 ₪",סוקולוב,"דירה, אגרובנק, חולון",1,70,,,,,,,,,,,,,,,,0,0,0,821666,965340,807733,912700,1016666,1248333,1411666,1260000,1252250,1276050,1206428,1431600,1488863,none
128,128,לא צוין מחיר,סוקולוב 119,"דירה, אגרובנק, חולון",2,54,"מרפסות
1","קומות בבנין
3","חניות
ללא",1.0,0.0,0.0,0.0,0.0,0.0,0.0,0.0,0.0,0.0,none,"תאריך כניסה
כניסה מיידית",0,0,0,none,none,none,none,none,none,none,none,none,none,1300000,none,none,none
129,129,"1,870,000 ₪",סנה משה,"דירה, קרית שרת מזרח, חולון",3,70,none,"קומות בבנין
5","חניות
1",1.0,1.0,1.0,1.0,1.0,0.0,1.0,0.0,1.0,0.0,"מצב הנכס
משופץ","תאריך כניסה
כניסה מיידית",0,0,0,none,"975,000",none,none,none,none,none,none,none,1230000,1385000,none,none,none
130,130,"1,890,000 ₪",עוזיאל הרב,"דירה, רסקו א', חולון",4,65,none,"קומות בבנין
4","חניות
ללא",1.0,0.0,1.0,1.0,0.0,0.0,0.0,0.0,0.0,0.0,"מצב הנכס
במצב שמור","תאריך כניסה
כניסה מיידית",0,0,0,none,none,none,none,none,none,none,none,none,none,none,none,none,none
131,131,"2,050,000 ₪",עטרות 1,"דירה, קרית שרת מערב, חולון",6,73,,,,,,,,,,,,,,,,0,0,0,none,none,none,none,none,none,none,none,1300000,1042000,1400000,1650000,none,none
132,132,"1,950,000 ₪",עמק דותן,"דירה, קרית שרת מערב, חולון",4,80,none,"קומות בבנין
7","חניות
ללא",1.0,0.0,1.0,1.0,1.0,0.0,1.0,0.0,1.0,1.0,"מצב הנכס
משופץ","תאריך כניסה
כניסה מיידית",0,0,0,none,none,none,none,none,1170000,"1,275,000",none,1475500,1375000,1325000,1540000,1415000,none
133,133,"1,900,000 ₪",עמק יזרעאל 15,"דירה, חולון",2,66,none,"קומות בבנין
4","חניות
ללא",1.0,0.0,1.0,1.0,0.0,0.0,0.0,0.0,1.0,1.0,"מצב הנכס
במצב שמור","תאריך כניסה
כניסה מיידית",0,0,0,none,none,none,none,none,none,none,none,none,none,none,none,none,none
134,134,"1,990,000 ₪",עציון גוש,"דירה, תל גיבורים, חולון",1,70,none,"קומות בבנין
2","חניות
1",1.0,1.0,0.0,1.0,0.0,1.0,1.0,0.0,1.0,0.0,"מצב הנכס
משופץ","תאריך כניסה
כניסה גמישה",0,0,0,"820,000",none,none,"1,100,000",none,none,none,none,none,none,none,none,1746666,none
135,135,"2,890,000 ₪",פרוג 6,"דירה, אגרובנק, חולון",6,85,,,,,,,,,,,,,,,,0,0,0,none,none,none,none,none,none,none,none,none,1700000,none,none,none,none
136,136,"2,100,000 ₪",פרנק אנה 5,"דירה, נאות יהודית ונווה ארזים, חולון",4,67,none,"קומות בבנין
7","חניות
ללא",1.0,0.0,1.0,1.0,0.0,0.0,1.0,0.0,1.0,1.0,"מצב הנכס
משופץ","תאריך כניסה
כניסה מיידית",0,0,0,"955,000",none,none,none,none,none,none,none,none,none,1630000,none,none,none
137,137,"1,890,000 ₪",צאלים 26,"דירה, חולון",3,62,none,"קומות בבנין
4","חניות
ללא",1.0,1.0,0.0,1.0,0.0,0.0,1.0,0.0,1.0,0.0,"מצב הנכס
משופץ","תאריך כניסה
כניסה גמישה",0,0,0,none,"880,000",none,none,"950,000",none,none,none,none,none,1469000,1460000,1575000,none
138,138,"1,990,000 ₪",צהל אלופי,"דירה, קרית שרת מערב, חולון",3,52,none,"קומות בבנין
4","חניות
ללא",1.0,0.0,0.0,0.0,0.0,0.0,0.0,0.0,0.0,0.0,"מצב הנכס
במצב שמור","תאריך כניסה
כניסה גמישה",0,0,0,690000,830916,"930,000","924,000",1033750,1070000,"1,450,000",none,1313333,1331093,1406875,1501500,1487666,1375000
139,139,"1,850,000 ₪",צהל אלופי 1,"דירה, קרית שרת מזרח, חולון",3,65,none,"קומות בבנין
9","חניות
1",1.0,0.0,1.0,1.0,0.0,0.0,0.0,0.0,0.0,0.0,"מצב הנכס
במצב שמור","תאריך כניסה
01/06/2023",0,0,0,none,"850,000",none,"924,000",990000,none,none,none,none,1385000,1462500,none,1626666,none
140,140,"1,890,000 ₪",צהל אלופי 22,"דירה, רסקו ב', חולון",2,70,none,"קומות בבנין
7","חניות
1",0.0,0.0,1.0,1.0,1.0,0.0,0.0,0.0,0.0,0.0,"מצב הנכס
במצב שמור","תאריך כניסה
כניסה מיידית",0,0,0,none,none,none,none,none,none,"1,450,000",none,none,1570000,none,none,none,none
141,141,"1,780,000 ₪",ציון חובבי,"דירה, גרין ועם, חולון",1,60,none,"קומות בבנין
4","חניות
ללא",1.0,0.0,0.0,1.0,0.0,0.0,1.0,0.0,0.0,0.0,"מצב הנכס
במצב שמור","תאריך כניסה
כניסה גמישה",0,0,0,"870,000",none,"1,650,000",none,"865,000",none,none,none,none,1220000,none,1380000,1675000,none
142,142,"1,850,000 ₪",קוק הרב 8,"דירה, רסקו א', חולון",2,80,none,"קומות בבנין
3","חניות
ללא",1.0,0.0,0.0,1.0,0.0,0.0,0.0,0.0,0.0,0.0,"מצב הנכס
דרוש שיפוץ","תאריך כניסה
כניסה מיידית",0,0,0,none,none,none,"1,330,000",none,"1,185,000",none,none,1490000,1450000,1310000,none,1517222,none
143,143,"2,340,000 ₪",קיבוץ גלויות 12,"דירה, רסקו ב', חולון",4,70,none,"קומות בבנין
6","חניות
1",1.0,1.0,1.0,1.0,0.0,0.0,1.0,0.0,0.0,1.0,"מצב הנכס
משופץ","תאריך כניסה
כניסה גמישה",0,0,0,none,none,none,none,none,none,none,none,none,none,none,none,none,none
144,144,"1,950,000 ₪",קלישר 3,"דירה, אגרובנק, חולון",3,80,"מרפסות
1","קומות בבנין
4","חניות
ללא",1.0,0.0,1.0,1.0,0.0,0.0,0.0,0.0,0.0,0.0,"מצב הנכס
דרוש שיפוץ","תאריך כניסה
כניסה גמישה",0,0,0,none,none,none,none,none,none,none,none,none,none,none,none,none,none
145,145,"1,890,000 ₪",קפלן,"דירה, גרין ועם, חולון",3,62,none,"קומות בבנין
3","חניות
ללא",1.0,0.0,0.0,0.0,0.0,0.0,1.0,0.0,0.0,0.0,"מצב הנכס
משופץ","תאריך כניסה
לא צוין תאריך כניסה",0,0,0,none,none,none,none,none,none,"1,190,000",none,none,1160000,1208333,1584466,2033333,none
146,146,"1,790,000 ₪",קראוזה אליהו,"דירה, אגרובנק, חולון",1,78,none,"קומות בבנין
4","חניות
ללא",1.0,1.0,0.0,1.0,0.0,0.0,1.0,0.0,1.0,1.0,"מצב הנכס
משופץ","תאריך כניסה
כניסה גמישה",0,0,0,none,none,none,none,none,none,none,none,"1,400,000",none,none,none,none,none
147,147,"1,990,000 ₪",קראוזה אליהו 62,"דירה, רסקו א', חולון",1,74,none,"קומות בבנין
4","חניות
ללא",1.0,1.0,0.0,1.0,0.0,0.0,0.0,0.0,0.0,0.0,"מצב הנכס
במצב שמור","תאריך כניסה
כניסה גמישה",0,0,0,none,none,none,none,none,none,none,none,"1,400,000",none,none,none,none,none
148,148,"1,980,000 ₪","קרית עבודה מרכז,","דירה, מרכז, קרית עבודה, חולון",1,78,none,"קומות בבנין
2","חניות
ללא",1.0,0.0,0.0,1.0,0.0,0.0,1.0,1.0,0.0,0.0,"מצב הנכס
משופץ","תאריך כניסה
כניסה גמישה",0,0,0,none,none,none,none,none,none,none,none,none,none,none,none,none,none
149,149,"1,970,000 ₪","קרית עבודה מרכז,","דירה, מרכז, קרית עבודה, חולון",1,78,none,"קומות בבנין
3","חניות
1",1.0,1.0,1.0,1.0,0.0,0.0,0.0,0.0,1.0,0.0,"מצב הנכס
במצב שמור","תאריך כניסה
לא צוין תאריך כניסה",0,0,0,none,none,none,none,none,none,none,none,none,none,none,none,none,none
150,150,"1,890,000 ₪","קרית עבודה מרכז,","דירה, מרכז, קרית עבודה, חולון",2,72,none,"קומות בבנין
3","חניות
ללא",1.0,0.0,0.0,1.0,0.0,0.0,1.0,0.0,0.0,0.0,"מצב הנכס
במצב שמור","תאריך כניסה
כניסה גמישה",0,0,0,none,none,none,none,none,none,none,none,none,none,none,none,none,none
151,151,"1,790,000 ₪",קרן היסוד,"דירה, קרית שרת מערב, חולון",2,70,none,"קומות בבנין
4","חניות
ללא",0.0,0.0,0.0,0.0,0.0,0.0,0.0,0.0,0.0,0.0,"מצב הנכס
דרוש שיפוץ","תאריך כניסה
לא צוין תאריך כניסה",0,0,0,none,"980,000",none,"975,000","955,000","1,580,000",none,none,none,1440000,1479000,1508750,1395000,none
152,152,"1,930,000 ₪",רחבעם זאבי,"דירה, גרין ועם, חולון",1,70,none,"קומות בבנין
3","חניות
1",1.0,0.0,0.0,1.0,0.0,0.0,1.0,0.0,1.0,0.0,"מצב הנכס
משופץ","תאריך כניסה
כניסה גמישה",0,0,0,none,none,"880,000",none,none,"1,160,000","1,380,000",none,1394743,1437333,1360000,1171333,1706666,none
153,153,"1,650,000 ₪",רחל נאות,"דירה, נאות רחל, חולון",3,70,none,"קומות בבנין
3","חניות
ללא",1.0,0.0,0.0,1.0,0.0,0.0,0.0,0.0,0.0,0.0,"מצב הנכס
משופץ","תאריך כניסה
כניסה גמישה",0,0,0,none,none,none,none,none,none,none,none,none,none,none,none,none,none
154,154,"1,690,000 ₪",רחל נאות,"דירה, נאות רחל, חולון",3,75,none,"קומות בבנין
4","חניות
ללא",1.0,0.0,0.0,1.0,0.0,0.0,0.0,0.0,1.0,1.0,"מצב הנכס
דרוש שיפוץ","תאריך כניסה
כניסה מיידית",0,0,0,none,none,none,none,none,none,none,none,none,none,none,none,none,none
155,155,"1,850,000 ₪",רחל נאות,"דירה, נאות רחל, חולון",3,64,,,,,,,,,,,,,,,,0,0,0,none,none,none,none,none,none,none,none,none,none,none,none,none,none
156,156,"2,195,000 ₪",רמת הגולן,"דירה, קרית שרת מזרח, חולון",1,75,none,"קומות בבנין
4","חניות
ללא",1.0,0.0,1.0,0.0,0.0,0.0,1.0,0.0,1.0,0.0,"מצב הנכס
משופץ","תאריך כניסה
09/07/2023",0,0,3,none,976604,976750,1016666,none,"1,070,000","1,150,000","1,570,000",1026000,1189000,1169166,1079777,1465000,563000
157,157,"1,750,000 ₪",רמת הגולן,"דירה, קרית שרת מזרח, חולון",4,65,none,"קומות בבנין
4","חניות
ללא",1.0,0.0,0.0,1.0,0.0,0.0,1.0,0.0,0.0,0.0,"מצב הנכס
משופץ","תאריך כניסה
כניסה גמישה",0,0,3,none,976604,976750,1016666,none,"1,070,000","1,150,000","1,570,000",1026000,1189000,1169166,1079777,1465000,563000
158,158,"1,890,000 ₪",רמת הגולן,"דירה, קרית שרת מזרח, חולון",3,75,none,"קומות בבנין
5","חניות
1",1.0,1.0,1.0,1.0,1.0,0.0,0.0,0.0,0.0,0.0,"מצב הנכס
במצב שמור","תאריך כניסה
כניסה גמישה",0,0,3,none,976604,976750,1016666,none,"1,070,000","1,150,000","1,570,000",1026000,1189000,1169166,1079777,1465000,563000
159,159,"1,950,000 ₪",רסקו א,"דירה, רסקו א', חולון",3,80,none,"קומות בבנין
3","חניות
ללא",1.0,0.0,0.0,0.0,0.0,0.0,1.0,0.0,0.0,0.0,"מצב הנכס
משופץ","תאריך כניסה
כניסה גמישה",0,0,0,none,none,none,none,none,none,none,none,none,none,none,none,none,none
160,160,"1,840,000 ₪",רסקו א,"דירה, רסקו א', חולון",3,70,none,"קומות בבנין
3","חניות
ללא",1.0,0.0,0.0,1.0,0.0,0.0,1.0,0.0,0.0,1.0,"מצב הנכס
משופץ","תאריך כניסה
כניסה גמישה",0,0,0,none,none,none,none,none,none,none,none,none,none,none,none,none,none
161,161,"1,650,000 ₪",שבזי,"דירה, נאות רחל, חולון",2,70,none,"קומות בבנין
3","חניות
ללא",0.0,0.0,0.0,1.0,0.0,0.0,0.0,0.0,1.0,0.0,"מצב הנכס
דרוש שיפוץ","תאריך כניסה
כניסה מיידית",0,0,0,none,none,none,none,"830,000",none,none,none,none,1150000,1297500,none,1617000,none
162,162,"1,690,000 ₪",שוחט מניה וישראל,"דירה, מרכז, קרית עבודה, חולון",3,65,none,"קומות בבנין
3","חניות
ללא",1.0,1.0,0.0,1.0,0.0,0.0,1.0,0.0,1.0,1.0,"מצב הנכס
משופץ","תאריך כניסה
כניסה גמישה",0,0,0,none,none,none,none,"1,095,000",none,none,none,1375000,1417000,none,1424166,1301250,none
163,163,"2,090,000 ₪",שוחט מניה וישראל,"דירה, מרכז, קרית עבודה, חולון",1,70,none,"קומות בבנין
3","חניות
1",1.0,1.0,0.0,1.0,0.0,0.0,1.0,0.0,1.0,1.0,"מצב הנכס
משופץ","תאריך כניסה
כניסה גמישה",0,0,0,none,none,none,none,"1,095,000",none,none,none,1375000,1417000,none,1424166,1301250,none
164,164,"1,830,000 ₪",שיכון ותיקים,"דירה, שיכון ותיקים, חולון",1,65,none,"קומות בבנין
2","חניות
ללא",1.0,0.0,0.0,1.0,0.0,1.0,0.0,0.0,0.0,0.0,"מצב הנכס
במצב שמור","תאריך כניסה
02/07/2023",0,0,0,none,none,none,none,none,none,none,none,none,none,none,none,none,none
165,165,"1,790,000 ₪",שלמה מפרץ,"דירה, קרית שרת מזרח, חולון",1,65,"מרפסות
1","קומות בבנין
8","חניות
ללא",1.0,0.0,1.0,0.0,1.0,0.0,0.0,0.0,0.0,0.0,"מצב הנכס
במצב שמור","תאריך כניסה
31/12/2023",0,0,0,806666,939000,992333,"1,050,000",none,1182800,1190000,1260000,1376135,1349583,1425833,1469800,1660000,none
166,166,"2,160,000 ₪",שלמה מפרץ 31,"דירה, קרית שרת מערב, חולון",1,65,"מרפסות
1","קומות בבנין
8","חניות
1",1.0,1.0,1.0,0.0,1.0,0.0,1.0,0.0,0.0,0.0,"מצב הנכס
משופץ","תאריך כניסה
כניסה גמישה",0,0,0,none,none,none,none,none,none,none,none,none,1600000,1620000,none,1880000,none
167,167,"1,590,000 ₪",שמואל הנגיד,"דירה, גרין ועם, חולון",4,75,none,"קומות בבנין
4","חניות
ללא",1.0,1.0,0.0,0.0,0.0,0.0,0.0,0.0,0.0,0.0,"מצב הנכס
במצב שמור","תאריך כניסה
כניסה גמישה",0,0,0,"850,000","800,000",907500,1153472,none,none,1235000,none,1350000,1520000,1453333,1504000,1815875,none
168,168,"2,050,000 ₪",שנקר אריה,"דירה, חולון",2,85,"מרפסות
3","קומות בבנין
4","חניות
ללא",1.0,1.0,1.0,1.0,0.0,0.0,0.0,0.0,0.0,0.0,"מצב הנכס
במצב שמור","תאריך כניסה
כניסה גמישה",0,0,0,none,none,none,none,none,none,none,"1,780,000",none,none,none,none,none,none
169,169,"1,890,000 ₪",שפרינצק 23,"דירה, מרכז, קרית עבודה, חולון",1,80,none,"קומות בבנין
3","חניות
ללא",1.0,0.0,0.0,0.0,0.0,0.0,0.0,0.0,0.0,0.0,"מצב הנכס
במצב שמור","תאריך כניסה
01/10/2023",0,0,0,none,"800,000",none,none,none,none,"433,334",none,1654694,1366900,1281583,1449000,1412500,none
170,170,"2,150,000 ₪",שרת משה,"דירה, קרית שרת מזרח, חולון",4,70,none,"קומות בבנין
7","חניות
1",1.0,1.0,1.0,1.0,1.0,0.0,1.0,0.0,1.0,1.0,"מצב הנכס
משופץ","תאריך כניסה
כניסה גמישה",0,0,0,none,900000,950750,1010000,915833,1192500,1322500,1335000,1038275,1276944,1410636,1458638,1480000,none
171,171,"1,850,000 ₪",שרת משה,"דירה, קרית שרת מערב, חולון",4,70,,,,,,,,,,,,,,,,0,0,0,none,900000,950750,1010000,915833,1192500,1322500,1335000,1038275,1276944,1410636,1458638,1480000,none
172,172,לא צוין מחיר,ששת הימים,"דירה, קרית שרת מזרח, חולון",1,70,none,"קומות בבנין
3","חניות
ללא",1.0,1.0,0.0,1.0,0.0,0.0,1.0,0.0,0.0,0.0,"מצב הנכס
משופץ","תאריך כניסה
כניסה מיידית",0,0,0,none,none,none,none,none,none,none,none,none,none,none,none,none,none
