,index,prices,streets,cities,floors,sizes,terraces,floors_in_building,parkings,aircondition,bars,elevators,water_headers,accessibility,shelters,renovated,storages,tadiran,furnitures,status,time_enter,sea_view,sukka
0,1,"2,295,000 ₪",אהבת ציון 3 מפה,"דירה, שעריה, פתח תקווה",7,75,"מרפסות
1","קומות בבנין
8","חניות
1",1,0,1,1,1,1,0,1,0,0,"מצב הנכס
חדש מקבלן","תאריך כניסה
כניסה מיידית",0,1
1,2,"2,295,000 ₪",אהבת ציון 3 מפה,"דירה, שעריה, פתח תקווה",7,75,"מרפסות
1","קומות בבנין
8","חניות
1",1,0,1,1,1,1,0,1,0,0,"מצב הנכס
חדש מקבלן","תאריך כניסה
כניסה מיידית",0,1
2,3,"1,750,000 ₪",איכילוב מפה,"דירה, לב המושבה / מרכז העיר, פתח תקווה",3,80,"מרפסות
1","קומות בבנין
3","חניות
ללא",1,0,0,0,0,0,0,0,0,1,"מצב הנכס
במצב שמור","תאריך כניסה
כניסה גמישה",0,0
3,4,לא צוין מחיר,אלתרמן 12 מפה,"דירה, קרית אליעזר פרי, פתח תקווה",1,65,nan,nan,nan,nan,nan,nan,nan,nan,nan,nan,nan,nan,nan,nan,nan,0,0
4,5,"1,795,000 ₪",אמיר בנימיני 3 מפה,"דירה, עין גנים, פתח תקווה",2,62,none,"קומות בבנין
3","חניות
ללא",1,0,0,1,0,0,1,0,0,0,"מצב הנכס
משופץ","תאריך כניסה
כניסה גמישה",0,0
5,6,"1,795,000 ₪",אמיר בנימיני 3 מפה,"דירה, עין גנים, פתח תקווה",2,62,none,"קומות בבנין
3","חניות
ללא",1,0,0,1,0,0,1,0,0,0,"מצב הנכס
משופץ","תאריך כניסה
כניסה גמישה",0,0
6,7,"1,820,000 ₪",אמיר בנימיני מפה,"דירה, עין גנים, פתח תקווה",2,70,none,"קומות בבנין
4","חניות
ללא",1,0,0,1,0,0,0,0,0,0,"מצב הנכס
במצב שמור","תאריך כניסה
כניסה גמישה",0,0
7,8,"1,690,000 ₪",אסף שמחוני מפה,"דירה, אחדות, פתח תקווה",3,65,none,"קומות בבנין
4","חניות
ללא",1,0,0,1,0,0,1,0,0,0,"מצב הנכס
משופץ","תאריך כניסה
לא צוין תאריך כניסה",0,0
8,9,"1,720,000 ₪",אסתר המלכה 2 מפה,"דירה, יוספטל, פתח תקווה",3,60,none,"קומות בבנין
3","חניות
ללא",1,1,0,1,0,0,1,0,0,0,"מצב הנכס
משופץ","תאריך כניסה
01/01/2024",0,0
9,10,"1,950,000 ₪",ביאליק מפה,"דירה, מחנה יהודה, פתח תקווה",3,80,none,"קומות בבנין
3","חניות
1",1,0,0,1,0,0,1,0,0,1,"מצב הנכס
משופץ","תאריך כניסה
כניסה גמישה",0,0
10,11,"2,000,000 ₪","ביל""ו מפה","דירה, פתח תקווה",1,80,"מרפסות
1","קומות בבנין
4","חניות
1",1,0,1,0,1,1,1,0,0,0,"מצב הנכס
משופץ","תאריך כניסה
כניסה מיידית",0,0
11,12,"2,000,000 ₪","ביל""ו מפה","דירה, פתח תקווה",1,80,"מרפסות
1","קומות בבנין
4","חניות
1",1,0,1,0,1,1,1,0,0,0,"מצב הנכס
משופץ","תאריך כניסה
כניסה מיידית",0,0
12,13,"1,850,000 ₪",בכור שטרית 4,"דירה, אחדות, פתח תקווה",1,70,none,"קומות בבנין
3","חניות
ללא",1,0,0,1,0,0,1,0,0,1,none,"תאריך כניסה
כניסה מיידית",0,0
13,14,"2,200,000 ₪",בכור שטרית 6 מפה,"דירה, אחדות, פתח תקווה",1,103,"מרפסות
1","קומות בבנין
4","חניות
ללא",1,0,0,1,0,0,1,0,0,0,"מצב הנכס
במצב שמור","תאריך כניסה
כניסה מיידית",0,0
14,15,"1,890,000 ₪",בכור שטרית 6 מפה,"דירה, אחדות, פתח תקווה",3,70,none,"קומות בבנין
4","חניות
ללא",1,0,0,1,0,0,1,0,0,0,"מצב הנכס
משופץ","תאריך כניסה
לא צוין תאריך כניסה",0,0
15,16,"1,890,000 ₪",בכור שטרית 6 מפה,"דירה, אחדות, פתח תקווה",3,70,none,"קומות בבנין
4","חניות
ללא",1,0,0,1,0,0,1,0,0,0,"מצב הנכס
משופץ","תאריך כניסה
לא צוין תאריך כניסה",0,0
16,17,"1,900,000 ₪",בכור שטרית 7 מפה,"דירה, אחדות, פתח תקווה",2,70,none,"קומות בבנין
4","חניות
ללא",1,0,0,1,0,0,0,0,0,0,"מצב הנכס
במצב שמור","תאריך כניסה
כניסה מיידית",0,0
17,18,"1,900,000 ₪",בכור שטרית 7 מפה,"דירה, אחדות, פתח תקווה",2,70,none,"קומות בבנין
4","חניות
ללא",1,0,0,1,0,0,0,0,0,0,"מצב הנכס
במצב שמור","תאריך כניסה
כניסה מיידית",0,0
18,19,"1,850,000 ₪",בלפור 8 מפה,"דירה, המרכז השקט / מרכז העיר, פתח תקווה",3,67,none,"קומות בבנין
3","חניות
ללא",1,1,0,1,0,0,0,0,1,1,"מצב הנכס
במצב שמור","תאריך כניסה
כניסה מיידית",0,0
19,20,"1,800,000 ₪",בנימין מינץ 27 מפה,"דירה, אחדות, פתח תקווה",1,60,none,"קומות בבנין
4","חניות
ללא",1,0,0,1,0,0,1,0,0,0,"מצב הנכס
משופץ","תאריך כניסה
כניסה גמישה",0,0
20,21,"1,750,000 ₪",בנימין מינץ 50 מפה,"דירה, אחדות, פתח תקווה",4,75,none,"קומות בבנין
4","חניות
ללא",1,0,1,1,1,0,0,0,0,0,"מצב הנכס
במצב שמור","תאריך כניסה
כניסה גמישה",0,0
21,22,לא צוין מחיר,בנימין מינץ מפה,"דירה, פתח תקווה",4,60,none,"קומות בבנין
4","חניות
ללא",1,0,0,1,0,0,0,0,0,0,"מצב הנכס
במצב שמור","תאריך כניסה
כניסה מיידית",0,0
22,23,"1,850,000 ₪",בנימין מינץ מפה,"דירה, פתח תקווה",1,75,none,"קומות בבנין
5","חניות
ללא",1,0,1,1,0,0,1,0,0,1,"מצב הנכס
משופץ","תאריך כניסה
כניסה גמישה",0,0
23,24,לא צוין מחיר,בנימין מינץ מפה,"דירה, פתח תקווה",4,60,none,"קומות בבנין
4","חניות
ללא",1,0,0,1,0,0,0,0,0,0,"מצב הנכס
במצב שמור","תאריך כניסה
כניסה מיידית",0,0
24,25,"1,850,000 ₪",בנימין מינץ מפה,"דירה, פתח תקווה",1,75,none,"קומות בבנין
5","חניות
ללא",1,0,1,1,0,0,1,0,0,1,"מצב הנכס
משופץ","תאריך כניסה
כניסה גמישה",0,0
25,26,"1,850,000 ₪",בנימין מינץ מפה,"דירה, אחדות, פתח תקווה",3,78,"מרפסות
1","קומות בבנין
4","חניות
ללא",1,0,0,1,0,0,1,0,0,0,"מצב הנכס
משופץ","תאריך כניסה
כניסה גמישה",0,0
26,27,"1,870,000 ₪",בנימין מינץ מפה,"דירה, אחדות, פתח תקווה",2,75,none,"קומות בבנין
5","חניות
1",1,0,1,0,1,0,1,0,1,0,"מצב הנכס
משופץ","תאריך כניסה
כניסה מיידית",0,0
27,28,"1,660,000 ₪",בעל שם טוב,"דירה, מחנה יהודה, פתח תקווה",3,75,nan,nan,nan,nan,nan,nan,nan,nan,nan,nan,nan,nan,nan,nan,nan,0,0
28,29,"2,360,000 ₪",בעל שם טוב 24 מפה,"דירה, מחנה יהודה, פתח תקווה",2,75,"מרפסות
1","קומות בבנין
6","חניות
1",1,0,1,0,0,1,0,1,0,1,"מצב הנכס
חדש","תאריך כניסה
כניסה גמישה",0,0
29,30,"2,500,000 ₪",בעל שם טוב 31,"דירה, מחנה יהודה, פתח תקווה",1,79,"מרפסות
1","קומות בבנין
3","חניות
ללא",1,0,0,1,0,0,1,0,1,0,none,"תאריך כניסה
כניסה גמישה",0,0
30,31,"1,660,000 ₪",בעל שם טוב מפה,"דירה, מחנה יהודה, פתח תקווה",3,75,none,"קומות בבנין
3","חניות
1",1,1,0,1,0,0,1,0,1,1,"מצב הנכס
משופץ","תאריך כניסה
כניסה גמישה",0,0
31,32,"1,780,000 ₪",ברוך שפינוזה 1 מפה,"דירה, פתח תקווה",2,65,none,"קומות בבנין
4","חניות
ללא",1,0,0,1,0,0,1,0,0,0,"מצב הנכס
משופץ","תאריך כניסה
כניסה מיידית",0,0
32,33,"1,950,000 ₪",בריגדיר קיש מפה,"דירה, שעריה, פתח תקווה",1,85,none,"קומות בבנין
5","חניות
1",1,1,1,1,0,0,1,0,1,0,"מצב הנכס
משופץ","תאריך כניסה
כניסה גמישה",0,0
33,34,"1,950,000 ₪",ברל כצנלסון 1 מפה,"דירה, רמת ורבר, פתח תקווה",2,60,none,"קומות בבנין
2","חניות
ללא",0,0,0,0,0,0,0,0,0,0,"מצב הנכס
במצב שמור","תאריך כניסה
כניסה מיידית",0,0
34,35,"1,670,000 ₪",ברנר 1 מפה,"דירה, יוספטל, פתח תקווה",3,55,none,"קומות בבנין
4","חניות
ללא",1,0,0,1,0,0,1,0,1,1,"מצב הנכס
משופץ","תאריך כניסה
כניסה גמישה",0,0
35,36,"1,770,000 ₪",ברנר 25 מפה,"דירה, יוספטל, פתח תקווה",3,50,none,"קומות בבנין
3","חניות
1",1,0,0,1,0,0,1,0,1,1,"מצב הנכס
משופץ","תאריך כניסה
כניסה מיידית",0,0
36,37,"1,690,000 ₪",ברנר 25 מפה,"דירה, יוספטל, פתח תקווה",1,55,none,"קומות בבנין
3","חניות
ללא",1,0,0,1,0,0,0,0,0,0,"מצב הנכס
במצב שמור","תאריך כניסה
כניסה גמישה",0,0
37,38,"1,690,000 ₪",ברנר 25 מפה,"דירה, יוספטל, פתח תקווה",1,55,none,"קומות בבנין
3","חניות
ללא",1,0,0,1,0,0,0,0,0,0,"מצב הנכס
במצב שמור","תאריך כניסה
כניסה גמישה",0,0
38,39,"2,170,000 ₪",ברנר מפה,"דירה, יוספטל, פתח תקווה",7,92,none,"קומות בבנין
9","חניות
1",0,0,1,0,1,1,1,1,0,0,"מצב הנכס
במצב שמור","תאריך כניסה
01/11/2023",0,0
39,40,"2,170,000 ₪",ברנר מפה,"דירה, יוספטל, פתח תקווה",7,92,none,"קומות בבנין
9","חניות
1",0,0,1,0,1,1,1,1,0,0,"מצב הנכס
במצב שמור","תאריך כניסה
01/11/2023",0,0
40,41,"1,650,000 ₪",ברנר מפה,"דירה, יוספטל, פתח תקווה",3,58,none,"קומות בבנין
3","חניות
ללא",0,0,0,1,0,0,0,0,0,0,"מצב הנכס
דרוש שיפוץ","תאריך כניסה
כניסה גמישה",0,0
41,42,"1,650,000 ₪",ברנר מפה,"דירה, יוספטל, פתח תקווה",3,58,none,"קומות בבנין
3","חניות
ללא",0,0,0,1,0,0,0,0,0,0,"מצב הנכס
דרוש שיפוץ","תאריך כניסה
כניסה גמישה",0,0
42,43,"2,450,000 ₪",גדרה מפה,"דירה, הדר המושבות הותיקה / אם המושבות הותיקה, פתח תקווה",4,70,"מרפסות
1","קומות בבנין
5","חניות
1",1,0,1,1,1,1,1,1,1,1,"מצב הנכס
במצב שמור","תאריך כניסה
01/08/2023",0,0
43,44,"2,220,000 ₪",גוש חלב 23 מפה,"דירה, קרית מטלון, פתח תקווה",2,74,"מרפסות
3","קומות בבנין
2","חניות
ללא",0,0,0,0,0,0,0,0,0,0,"מצב הנכס
במצב שמור","תאריך כניסה
כניסה מיידית",0,0
44,45,"2,100,000 ₪",גייסות השריון מפה,"דירה, רמת ורבר, פתח תקווה",1,70,"מרפסות
1","קומות בבנין
3","חניות
ללא",1,0,0,1,0,0,1,0,1,0,"מצב הנכס
משופץ","תאריך כניסה
כניסה גמישה",0,0
45,46,"1,600,000 ₪",גרשון אגרון מפה,"דירה, תקומה / קרית חזני, פתח תקווה",2,65,none,"קומות בבנין
3","חניות
1",0,0,0,0,0,0,0,0,0,1,"מצב הנכס
במצב שמור","תאריך כניסה
01/07/2023",0,0
46,47,"1,600,000 ₪",גרשון אגרון מפה,"דירה, תקומה / קרית חזני, פתח תקווה",2,65,none,"קומות בבנין
3","חניות
1",0,0,0,0,0,0,0,0,0,1,"מצב הנכס
במצב שמור","תאריך כניסה
01/07/2023",0,0
47,48,"1,690,000 ₪","ד""ר וייסבורג מפה","דירה, יוספטל, פתח תקווה",2,60,none,"קומות בבנין
4","חניות
ללא",1,0,0,1,0,0,0,0,0,0,"מצב הנכס
משופץ","תאריך כניסה
כניסה גמישה",0,0
48,49,"2,080,000 ₪",דב הוז מפה,"דירה, כפר גנים א, פתח תקווה",2,90,"מרפסות
1","קומות בבנין
4","חניות
ללא",1,0,0,1,0,0,1,0,1,1,"מצב הנכס
משופץ","תאריך כניסה
15/11/2023",0,0
49,50,"1,600,000 ₪",דגל ראובן מפה,"דירה, כפר גנים א, פתח תקווה",1,70,none,"קומות בבנין
5","חניות
1",1,1,1,1,1,0,0,0,0,0,"מצב הנכס
דרוש שיפוץ","תאריך כניסה
לא צוין תאריך כניסה",0,0
50,51,"1,850,000 ₪",דוד וולפסון 46 מפה,"דירה, המרכז השקט / מרכז העיר, פתח תקווה",3,65,none,"קומות בבנין
3","חניות
ללא",1,0,0,0,0,0,0,0,0,0,"מצב הנכס
במצב שמור","תאריך כניסה
לא צוין תאריך כניסה",0,0
51,52,"1,820,000 ₪",דוד וולפסון מפה,"דירה, לב המושבה / מרכז העיר, פתח תקווה",4,80,"מרפסות
1","קומות בבנין
4","חניות
ללא",1,0,0,0,0,0,1,0,0,0,"מצב הנכס
במצב שמור","תאריך כניסה
לא צוין תאריך כניסה",0,0
52,53,"1,820,000 ₪",דוד וולפסון מפה,"דירה, לב המושבה / מרכז העיר, פתח תקווה",4,80,"מרפסות
1","קומות בבנין
4","חניות
ללא",1,0,0,0,0,0,1,0,0,0,"מצב הנכס
במצב שמור","תאריך כניסה
לא צוין תאריך כניסה",0,0
53,54,"1,680,000 ₪",דוד מאיר גוטמן מפה,"דירה, לב המושבה / מרכז העיר, פתח תקווה",1,85,none,"קומות בבנין
4","חניות
ללא",0,0,0,1,0,0,0,0,0,0,"מצב הנכס
במצב שמור","תאריך כניסה
כניסה גמישה",0,0
54,55,"1,850,000 ₪",דוד מאיר גוטמן מפה,"דירה, פתח תקווה",4,75,none,"קומות בבנין
4","חניות
ללא",0,0,0,0,0,0,0,0,0,0,"מצב הנכס
משופץ","תאריך כניסה
כניסה גמישה",0,0
55,56,"1,850,000 ₪",דוד פרנקפורטר 5 מפה,"דירה, המרכז השקט / מרכז העיר, פתח תקווה",3,95,"מרפסות
2","קומות בבנין
3","חניות
ללא",0,0,0,0,0,0,0,0,0,0,"מצב הנכס
דרוש שיפוץ","תאריך כניסה
כניסה מיידית",0,0
56,57,"1,790,000 ₪",דוד פרנקפורטר מפה,"דירה, לב המושבה / מרכז העיר, פתח תקווה",1,90,"מרפסות
1","קומות בבנין
2","חניות
ללא",1,0,0,0,0,0,0,0,0,1,"מצב הנכס
דרוש שיפוץ","תאריך כניסה
כניסה גמישה",0,0
57,58,"2,380,000 ₪",דוד צבי פנקס מפה,"דירה, המרכז השקט / מרכז העיר, פתח תקווה",7,77,"מרפסות
1","קומות בבנין
9","חניות
1",0,0,1,1,1,1,1,0,0,0,"מצב הנכס
חדש מקבלן","תאריך כניסה
לא צוין תאריך כניסה",0,0
58,59,"2,190,000 ₪",דון יצחק אברבנאל 13 מפה,"דירה, פתח תקווה",5,83,"מרפסות
2","קומות בבנין
6","חניות
1",1,1,1,1,1,1,1,0,1,1,"מצב הנכס
משופץ","תאריך כניסה
כניסה גמישה",0,0
59,60,"2,290,000 ₪",דרך זאב ז'בוטינסקי 11 מפה,"דירה, לב המושבה / מרכז העיר, פתח תקווה",1,80,none,"קומות בבנין
8","חניות
ללא",1,0,1,0,0,0,0,1,0,0,"מצב הנכס
משופץ","תאריך כניסה
כניסה מיידית",0,0
60,61,"1,820,000 ₪",דרך זאב ז'בוטינסקי 5 מפה,"דירה, לב המושבה / מרכז העיר, פתח תקווה",1,85,none,"קומות בבנין
4","חניות
1",1,0,0,1,0,0,0,0,0,1,"מצב הנכס
במצב שמור","תאריך כניסה
כניסה מיידית",0,0
61,62,"1,940,000 ₪",דרך זאב ז'בוטינסקי 9 מפה,"דירה, לב המושבה / מרכז העיר, פתח תקווה",5,85,none,"קומות בבנין
8","חניות
ללא",1,1,1,1,0,0,1,1,1,0,"מצב הנכס
משופץ","תאריך כניסה
כניסה גמישה",0,0
62,63,"1,800,000 ₪",דרך זאב ז'בוטינסקי מפה,"דירה, לב המושבה / מרכז העיר, פתח תקווה",2,60,none,"קומות בבנין
2","חניות
ללא",0,0,0,1,0,0,0,0,1,0,"מצב הנכס
משופץ","תאריך כניסה
כניסה גמישה",0,0
63,64,"2,100,000 ₪",דרך זאב ז'בוטינסקי מפה,"דירה, רמת ורבר, פתח תקווה",3,68,none,"קומות בבנין
3","חניות
ללא",1,0,0,1,0,0,1,0,1,0,"מצב הנכס
משופץ","תאריך כניסה
כניסה מיידית",0,0
64,65,"2,100,000 ₪",דרך זאב ז'בוטינסקי מפה,"דירה, רמת ורבר, פתח תקווה",3,68,none,"קומות בבנין
3","חניות
ללא",1,0,0,1,0,0,1,0,1,0,"מצב הנכס
משופץ","תאריך כניסה
כניסה מיידית",0,0
65,66,לא צוין מחיר,דרך מנחם בגין 29 מפה,"דירה, הדר גנים, פתח תקווה",1,86,"מרפסות
1","קומות בבנין
5","חניות
1",1,1,1,1,0,0,0,0,0,0,"מצב הנכס
במצב שמור","תאריך כניסה
כניסה גמישה",0,0
66,67,"2,100,000 ₪",דרך מנחם בגין 46 מפה,"דירה, הדר גנים, פתח תקווה",2,70,"מרפסות
1","קומות בבנין
6","חניות
1",1,0,1,1,0,1,0,1,0,0,"מצב הנכס
במצב שמור","תאריך כניסה
01/08/2023",0,0
67,68,"2,100,000 ₪",דרך מנחם בגין 46 מפה,"דירה, הדר גנים, פתח תקווה",2,70,"מרפסות
1","קומות בבנין
6","חניות
1",1,0,1,1,0,1,0,1,0,0,"מצב הנכס
במצב שמור","תאריך כניסה
01/08/2023",0,0
68,69,"2,090,000 ₪",דרך מנחם בגין מפה,"דירה, הדר גנים, פתח תקווה",3,76,none,"קומות בבנין
4","חניות
1",1,0,1,1,1,0,0,0,0,1,"מצב הנכס
במצב שמור","תאריך כניסה
לא צוין תאריך כניסה",0,1
69,70,"2,100,000 ₪","הגר""א 16 מפה","דירה, קרית הרב סלומון, פתח תקווה",3,70,"מרפסות
1","קומות בבנין
6","חניות
1",1,0,1,1,1,1,1,0,1,1,"מצב הנכס
חדש","תאריך כניסה
כניסה גמישה",0,0
70,71,"2,100,000 ₪","הגר""א 16 מפה","דירה, קרית הרב סלומון, פתח תקווה",3,70,"מרפסות
1","קומות בבנין
6","חניות
1",1,0,1,1,1,1,1,0,1,1,"מצב הנכס
חדש","תאריך כניסה
כניסה גמישה",0,0
71,72,"1,889,000 ₪","הגר""א מפה","דירה, קרית הרב סלומון, פתח תקווה",2,80,"מרפסות
1","קומות בבנין
4","חניות
1",1,1,1,1,1,1,1,0,1,1,"מצב הנכס
משופץ","תאריך כניסה
כניסה גמישה",0,0
72,73,"1,889,000 ₪","הגר""א מפה","דירה, קרית הרב סלומון, פתח תקווה",2,80,"מרפסות
1","קומות בבנין
4","חניות
1",1,1,1,1,1,1,1,0,1,1,"מצב הנכס
משופץ","תאריך כניסה
כניסה גמישה",0,0
73,74,"1,990,000 ₪",הדר גנים מפה,"דירה, הדר גנים, פתח תקווה",1,72,none,"קומות בבנין
5","חניות
1",1,1,1,1,1,1,1,0,0,0,"מצב הנכס
משופץ","תאריך כניסה
לא צוין תאריך כניסה",0,0
74,75,"2,450,000 ₪",הדר המושבות הותיקה / אם המושבות הותיקה מפה,"דירה, הדר המושבות הותיקה / אם המושבות הותיקה, פתח תקווה",2,83,"מרפסות
1","קומות בבנין
3","חניות
1",1,1,1,1,1,1,0,0,1,0,"מצב הנכס
במצב שמור","תאריך כניסה
כניסה גמישה",0,0
75,76,"2,450,000 ₪",הדר המושבות הותיקה / אם המושבות הותיקה מפה,"דירה, הדר המושבות הותיקה / אם המושבות הותיקה, פתח תקווה",2,83,"מרפסות
1","קומות בבנין
3","חניות
1",1,1,1,1,1,1,0,0,1,0,"מצב הנכס
במצב שמור","תאריך כניסה
כניסה גמישה",0,0
76,77,"2,450,000 ₪",הדר המושבות הותיקה / אם המושבות הותיקה מפה,"דירה, הדר המושבות הותיקה / אם המושבות הותיקה, פתח תקווה",2,83,"מרפסות
1","קומות בבנין
3","חניות
1",1,1,1,1,1,1,0,0,1,0,"מצב הנכס
במצב שמור","תאריך כניסה
כניסה גמישה",0,0
77,78,"2,330,000 ₪",הדר המושבות הותיקה / אם המושבות הותיקה מפה,"דירה, הדר המושבות הותיקה / אם המושבות הותיקה, פתח תקווה",2,80,"מרפסות
1","קומות בבנין
6","חניות
1",1,0,1,1,1,1,0,0,0,0,"מצב הנכס
במצב שמור","תאריך כניסה
לא צוין תאריך כניסה",0,0
78,79,"2,450,000 ₪",הדר המושבות הותיקה / אם המושבות הותיקה מפה,"דירה, הדר המושבות הותיקה / אם המושבות הותיקה, פתח תקווה",2,83,"מרפסות
1","קומות בבנין
3","חניות
1",1,1,1,1,1,1,0,0,1,0,"מצב הנכס
במצב שמור","תאריך כניסה
כניסה גמישה",0,0
79,80,"2,700,000 ₪",הדר המושבות החדשה / אם המושבות החדשה מפה,"דירה, הדר המושבות החדשה / אם המושבות החדשה, פתח תקווה",2,93,"מרפסות
1","קומות בבנין
9","חניות
1",1,0,1,1,1,1,1,0,1,0,"מצב הנכס
משופץ","תאריך כניסה
כניסה גמישה",0,0
80,81,"1,640,000 ₪",ההגנה 12 מפה,"דירה, לב המושבה / מרכז העיר, פתח תקווה",2,65,none,"קומות בבנין
4","חניות
ללא",1,0,0,1,0,0,0,0,0,1,"מצב הנכס
במצב שמור","תאריך כניסה
כניסה גמישה",0,0
81,82,"1,610,000 ₪",ההגנה מפה,"דירה, לב המושבה / מרכז העיר, פתח תקווה",4,60,none,"קומות בבנין
4","חניות
ללא",1,0,0,1,0,0,0,0,0,1,"מצב הנכס
דרוש שיפוץ","תאריך כניסה
כניסה מיידית",0,0
82,83,לא צוין מחיר,הזוהר מפה,"דירה, מחנה יהודה, פתח תקווה",3,77,none,"קומות בבנין
3","חניות
1",1,1,0,1,0,0,1,0,1,1,"מצב הנכס
משופץ","תאריך כניסה
כניסה גמישה",0,0
83,84,"2,050,000 ₪",הירקונים מפה,"דירה, פתח תקווה",3,74,"מרפסות
1","קומות בבנין
4","חניות
1",1,0,1,1,1,1,0,0,1,0,"מצב הנכס
במצב שמור","תאריך כניסה
15/08/2023",0,0
84,85,"1,820,000 ₪",המורים 1 מפה,"דירה, לב המושבה / מרכז העיר, פתח תקווה",1,85,none,"קומות בבנין
4","חניות
1",1,0,0,1,0,0,0,0,0,1,"מצב הנכס
במצב שמור","תאריך כניסה
כניסה מיידית",0,0
85,86,"2,290,000 ₪",המכבים 3 מפה,"דירה, לב המושבה / מרכז העיר, פתח תקווה",14,70,"מרפסות
1","קומות בבנין
14","חניות
1",1,0,1,1,1,1,1,0,0,1,"מצב הנכס
משופץ","תאריך כניסה
כניסה מיידית",1,0
86,87,"1,850,000 ₪",המכבים מפה,"דירה, לב המושבה / מרכז העיר, פתח תקווה",4,70,"מרפסות
1","קומות בבנין
14","חניות
1",0,0,1,0,1,1,0,0,0,1,"מצב הנכס
במצב שמור","תאריך כניסה
לא צוין תאריך כניסה",0,0
87,88,"1,790,000 ₪",המכבים מפה,"דירה, שיפר, פתח תקווה",2,68,"מרפסות
1","קומות בבנין
4","חניות
1",1,0,1,1,1,1,0,0,0,1,"מצב הנכס
במצב שמור","תאריך כניסה
31/08/2023",0,0
88,89,"1,790,000 ₪",המכבים מפה,"דירה, שיפר, פתח תקווה",2,68,"מרפסות
1","קומות בבנין
4","חניות
1",1,0,1,1,1,1,0,0,0,1,"מצב הנכס
במצב שמור","תאריך כניסה
31/08/2023",0,0
89,90,"1,750,000 ₪",המרכז השקט / מרכז העיר מפה,"דירה, המרכז השקט / מרכז העיר, פתח תקווה",4,60,none,"קומות בבנין
4","חניות
ללא",0,0,0,0,0,0,0,0,0,0,"מצב הנכס
משופץ","תאריך כניסה
כניסה גמישה",0,0
90,91,"1,800,000 ₪",המרכז השקט / מרכז העיר מפה,"דירה, המרכז השקט / מרכז העיר, פתח תקווה",1,78,none,"קומות בבנין
3","חניות
ללא",1,1,0,1,1,0,0,0,0,0,"מצב הנכס
במצב שמור","תאריך כניסה
כניסה מיידית",0,0
91,92,"1,900,000 ₪",המרכז השקט / מרכז העיר מפה,"דירה, המרכז השקט / מרכז העיר, פתח תקווה",3,80,none,"קומות בבנין
3","חניות
ללא",0,0,0,0,0,0,0,0,0,0,"מצב הנכס
במצב שמור","תאריך כניסה
כניסה גמישה",0,0
92,93,"1,900,000 ₪",המרכז השקט / מרכז העיר מפה,"דירה, המרכז השקט / מרכז העיר, פתח תקווה",3,80,none,"קומות בבנין
3","חניות
ללא",0,0,0,0,0,0,0,0,0,0,"מצב הנכס
במצב שמור","תאריך כניסה
כניסה גמישה",0,0
93,94,"2,300,000 ₪",הנביאים 14 מפה,"דירה, שעריה, פתח תקווה",3,92,"מרפסות
1","קומות בבנין
9","חניות
1",1,0,1,1,1,1,1,0,1,1,"מצב הנכס
חדש","תאריך כניסה
כניסה גמישה",0,0
94,95,"1,550,000 ₪",הנביאים מפה,"דירה, שעריה, פתח תקווה",3,75,none,"קומות בבנין
3","חניות
ללא",1,0,0,0,0,0,0,0,0,0,"מצב הנכס
במצב שמור","תאריך כניסה
כניסה מיידית",0,0
95,96,"1,550,000 ₪",הנביאים מפה,"דירה, שעריה, פתח תקווה",3,75,none,"קומות בבנין
3","חניות
ללא",1,0,0,0,0,0,0,0,0,0,"מצב הנכס
במצב שמור","תאריך כניסה
כניסה מיידית",0,0
96,97,"1,550,000 ₪",הנביאים מפה,"דירה, שעריה, פתח תקווה",3,75,none,"קומות בבנין
3","חניות
ללא",1,0,0,0,0,0,0,0,0,0,"מצב הנכס
במצב שמור","תאריך כניסה
כניסה מיידית",0,0
97,98,"1,550,000 ₪",הנביאים מפה,"דירה, שעריה, פתח תקווה",3,75,none,"קומות בבנין
3","חניות
ללא",1,0,0,0,0,0,0,0,0,0,"מצב הנכס
במצב שמור","תאריך כניסה
כניסה מיידית",0,0
98,99,"1,550,000 ₪",הנביאים מפה,"דירה, שעריה, פתח תקווה",3,75,none,"קומות בבנין
3","חניות
ללא",1,0,0,0,0,0,0,0,0,0,"מצב הנכס
במצב שמור","תאריך כניסה
כניסה מיידית",0,0
99,100,"1,550,000 ₪",הנביאים מפה,"דירה, שעריה, פתח תקווה",3,75,none,"קומות בבנין
3","חניות
ללא",1,0,0,0,0,0,0,0,0,0,"מצב הנכס
במצב שמור","תאריך כניסה
כניסה מיידית",0,0
100,101,"1,550,000 ₪",הנביאים מפה,"דירה, שעריה, פתח תקווה",3,75,none,"קומות בבנין
3","חניות
ללא",1,0,0,1,0,0,0,0,0,0,"מצב הנכס
במצב שמור","תאריך כניסה
כניסה מיידית",0,0
101,102,"1,550,000 ₪",הנביאים מפה,"דירה, שעריה, פתח תקווה",3,75,none,"קומות בבנין
3","חניות
ללא",1,0,0,1,0,0,0,0,0,0,"מצב הנכס
במצב שמור","תאריך כניסה
כניסה מיידית",0,0
102,103,"1,872,000 ₪",הנרייטה סולד 11 מפה,"דירה, מחנה יהודה, פתח תקווה",2,61,none,"קומות בבנין
4","חניות
1",1,0,0,1,0,0,0,0,1,0,"מצב הנכס
משופץ","תאריך כניסה
כניסה גמישה",0,0
103,104,"1,680,000 ₪",הנרייטה סולד מפה,"דירה, אחדות, פתח תקווה",קרקע,59,none,"קומות בבנין
3","חניות
ללא",1,0,0,1,0,0,0,0,0,0,"מצב הנכס
במצב שמור","תאריך כניסה
כניסה מיידית",0,0
104,105,"1,700,000 ₪",הערבה מפה,"דירה, צמרת גנים / עין גנים דרום, פתח תקווה",3,80,none,"קומות בבנין
3","חניות
1",1,1,0,1,0,0,0,0,0,0,"מצב הנכס
במצב שמור","תאריך כניסה
כניסה גמישה",0,0
105,106,"1,700,000 ₪",הערבה מפה,"דירה, צמרת גנים / עין גנים דרום, פתח תקווה",3,80,none,"קומות בבנין
3","חניות
1",1,1,0,1,0,0,0,0,0,0,"מצב הנכס
במצב שמור","תאריך כניסה
כניסה גמישה",0,0
106,107,"2,150,000 ₪","הפלמ""ח 4 מפה","דירה, רמת ורבר, פתח תקווה",3,65,none,"קומות בבנין
3","חניות
ללא",1,0,0,1,0,0,1,0,1,0,"מצב הנכס
משופץ","תאריך כניסה
כניסה מיידית",0,0
107,108,"2,150,000 ₪","הפלמ""ח 4 מפה","דירה, רמת ורבר, פתח תקווה",3,65,none,"קומות בבנין
3","חניות
ללא",1,0,0,1,0,0,1,0,1,0,"מצב הנכס
משופץ","תאריך כניסה
כניסה מיידית",0,0
108,109,"2,160,000 ₪",הצנחנים מפה,"דירה, צמרת גנים / עין גנים דרום, פתח תקווה",1,80,"מרפסות
1","קומות בבנין
6","חניות
1",1,1,1,1,1,1,1,0,1,0,"מצב הנכס
משופץ","תאריך כניסה
כניסה גמישה",0,0
109,110,"2,160,000 ₪",הצנחנים מפה,"דירה, צמרת גנים / עין גנים דרום, פתח תקווה",1,80,"מרפסות
1","קומות בבנין
6","חניות
1",1,1,1,1,1,1,1,0,1,0,"מצב הנכס
משופץ","תאריך כניסה
כניסה גמישה",0,0
110,111,"1,800,000 ₪",הצנחנים מפה,"דירה, פתח תקווה",2,75,none,"קומות בבנין
4","חניות
3",1,0,0,1,0,0,1,0,0,1,"מצב הנכס
במצב שמור","תאריך כניסה
כניסה גמישה",0,0
111,112,"2,100,000 ₪",הקונגרס מפה,"דירה, תקומה / קרית חזני, פתח תקווה",1,80,"מרפסות
1","קומות בבנין
5","חניות
1",0,1,1,0,1,1,1,0,0,0,"מצב הנכס
משופץ","תאריך כניסה
לא צוין תאריך כניסה",0,0
112,113,"2,100,000 ₪",הקונגרס מפה,"דירה, תקומה / קרית חזני, פתח תקווה",1,80,"מרפסות
1","קומות בבנין
5","חניות
1",0,1,1,0,1,1,1,0,0,0,"מצב הנכס
משופץ","תאריך כניסה
לא צוין תאריך כניסה",0,0
113,114,"2,100,000 ₪",הקונגרס מפה,"דירה, תקומה / קרית חזני, פתח תקווה",1,80,"מרפסות
1","קומות בבנין
5","חניות
1",0,1,1,0,1,1,1,0,0,0,"מצב הנכס
משופץ","תאריך כניסה
לא צוין תאריך כניסה",0,0
114,115,"1,840,000 ₪",הרב אונטרמן מפה,"דירה, קרית הרב סלומון, פתח תקווה",7,80,none,"קומות בבנין
7","חניות
ללא",1,0,1,1,0,0,0,0,0,0,"מצב הנכס
משופץ","תאריך כניסה
כניסה גמישה",0,0
115,116,"1,800,000 ₪",הרב עוזיאל 17 מפה,"דירה, תקומה / קרית חזני, פתח תקווה",1,45,none,"קומות בבנין
3","חניות
ללא",1,1,0,1,0,0,1,1,1,0,"מצב הנכס
משופץ","תאריך כניסה
כניסה גמישה",0,0
116,117,"2,190,000 ₪",הרב עוזיאל 5 מפה,"דירה, תקומה / קרית חזני, פתח תקווה",5,80,"מרפסות
2","קומות בבנין
8","חניות
1",1,0,1,1,1,1,1,1,1,0,"מצב הנכס
במצב שמור","תאריך כניסה
כניסה גמישה",0,0
117,118,"2,190,000 ₪",הרב עוזיאל מפה,"דירה, תקומה / קרית חזני, פתח תקווה",5,80,"מרפסות
2","קומות בבנין
8","חניות
1",1,0,1,1,1,1,1,1,1,0,"מצב הנכס
במצב שמור","תאריך כניסה
כניסה גמישה",0,0
118,119,"2,300,000 ₪",הרב פינצי 4 מפה,"דירה, הדר גנים, פתח תקווה",6,88,"מרפסות
2","קומות בבנין
8","חניות
2",1,1,1,1,1,1,1,0,1,0,"מצב הנכס
משופץ","תאריך כניסה
כניסה גמישה",0,1
119,120,"2,260,000 ₪",הרב קטרוני 10 מפה,"דירה, המרכז השקט / מרכז העיר, פתח תקווה",6,90,"מרפסות
1","קומות בבנין
9","חניות
1",0,0,1,0,1,1,1,0,0,0,"מצב הנכס
חדש מקבלן","תאריך כניסה
כניסה גמישה",0,0
120,121,"1,980,000 ₪",הרב קטרוני מפה,"דירה, מחנה יהודה, פתח תקווה",3,70,"מרפסות
1","קומות בבנין
5","חניות
1",1,0,1,1,1,1,1,0,0,0,"מצב הנכס
משופץ","תאריך כניסה
כניסה מיידית",0,0
121,122,"2,170,000 ₪",הרב קטרוני מפה,"דירה, המרכז השקט / מרכז העיר, פתח תקווה",3,77,"מרפסות
1","קומות בבנין
9","חניות
1",0,0,1,1,1,1,1,1,0,0,"מצב הנכס
חדש מקבלן","תאריך כניסה
לא צוין תאריך כניסה",0,0
122,123,"2,170,000 ₪",הרב קטרוני מפה,"דירה, המרכז השקט / מרכז העיר, פתח תקווה",3,77,"מרפסות
1","קומות בבנין
9","חניות
1",0,0,1,1,1,1,1,1,0,0,"מצב הנכס
חדש מקבלן","תאריך כניסה
לא צוין תאריך כניסה",0,0
123,124,"2,170,000 ₪",הרב קטרוני מפה,"דירה, המרכז השקט / מרכז העיר, פתח תקווה",3,77,"מרפסות
1","קומות בבנין
9","חניות
1",0,0,1,1,1,1,1,1,0,0,"מצב הנכס
חדש מקבלן","תאריך כניסה
לא צוין תאריך כניסה",0,0
124,125,"2,050,000 ₪",הרב קטרוני מפה,"דירה, המרכז השקט / מרכז העיר, פתח תקווה",1,77,"מרפסות
1","קומות בבנין
10","חניות
1",1,1,1,1,1,1,1,1,1,0,"מצב הנכס
חדש מקבלן","תאריך כניסה
לא צוין תאריך כניסה",0,1
125,126,"2,380,000 ₪",הרב קטרוני מפה,"דירה, מחנה יהודה, פתח תקווה",3,90,"מרפסות
1","קומות בבנין
5","חניות
1",1,0,1,1,1,1,0,0,0,0,"מצב הנכס
במצב שמור","תאריך כניסה
כניסה מיידית",0,0
126,127,"2,050,000 ₪",הרב קטרוני מפה,"דירה, המרכז השקט / מרכז העיר, פתח תקווה",1,77,"מרפסות
1","קומות בבנין
10","חניות
1",1,1,1,1,1,1,1,1,1,0,"מצב הנכס
חדש מקבלן","תאריך כניסה
לא צוין תאריך כניסה",0,1
127,128,"2,090,000 ₪",הרב שקדי מפה,"דירה, מחנה יהודה, פתח תקווה",1,85,"מרפסות
1","קומות בבנין
9","חניות
1",1,1,1,1,1,1,1,0,0,0,"מצב הנכס
חדש מקבלן","תאריך כניסה
כניסה גמישה",0,0
128,129,"1,910,000 ₪",הרברט סמואל מפה,"דירה, עין גנים, פתח תקווה",5,76,"מרפסות
1","קומות בבנין
6","חניות
1",1,1,1,1,1,1,1,0,1,1,"מצב הנכס
חדש","תאריך כניסה
כניסה גמישה",0,0
129,130,"1,910,000 ₪",הרברט סמואל מפה,"דירה, עין גנים, פתח תקווה",5,76,"מרפסות
1","קומות בבנין
6","חניות
1",1,1,1,1,1,1,1,0,1,1,"מצב הנכס
חדש","תאריך כניסה
כניסה גמישה",0,0
130,131,"1,890,000 ₪",הרמן צבי שפירא מפה,"דירה, פתח תקווה",1,73,none,"קומות בבנין
3","חניות
ללא",1,0,0,1,0,0,0,0,0,1,"מצב הנכס
במצב שמור","תאריך כניסה
כניסה מיידית",0,0
131,132,"1,890,000 ₪",הרמן צבי שפירא מפה,"דירה, פתח תקווה",1,73,none,"קומות בבנין
3","חניות
ללא",1,0,0,1,0,0,0,0,0,1,"מצב הנכס
במצב שמור","תאריך כניסה
כניסה מיידית",0,0
132,133,"1,970,000 ₪",הרמן צבי שפירא מפה,"דירה, המרכז השקט / מרכז העיר, פתח תקווה",1,80,"מרפסות
1","קומות בבנין
4","חניות
1",1,1,1,1,0,0,0,0,1,0,"מצב הנכס
במצב שמור","תאריך כניסה
כניסה מיידית",0,1
133,134,"1,850,000 ₪",הרמן צבי שפירא מפה,"דירה, המרכז השקט / מרכז העיר, פתח תקווה",1,60,none,"קומות בבנין
4","חניות
ללא",1,0,1,1,1,0,0,0,1,0,"מצב הנכס
במצב שמור","תאריך כניסה
כניסה גמישה",0,0
134,135,"1,699,000 ₪",הרצל 61 מפה,"דירה, המרכז השקט / מרכז העיר, פתח תקווה",3,62,none,"קומות בבנין
3","חניות
ללא",1,0,0,1,0,0,1,0,0,0,"מצב הנכס
משופץ","תאריך כניסה
כניסה גמישה",0,0
135,136,"1,950,000 ₪",הרצל מפה,"דירה, המרכז השקט / מרכז העיר, פתח תקווה",קרקע,83,none,"קומות בבנין
4","חניות
ללא",0,0,0,1,0,0,1,0,0,0,"מצב הנכס
משופץ","תאריך כניסה
כניסה גמישה",0,0
136,137,"1,850,000 ₪",הרצל מפה,"דירה, המרכז השקט / מרכז העיר, פתח תקווה",1,80,"מרפסות
1","קומות בבנין
4","חניות
ללא",1,0,0,0,0,0,0,0,0,1,"מצב הנכס
במצב שמור","תאריך כניסה
כניסה מיידית",0,0
137,138,"2,100,000 ₪",הרצפלד 5 מפה,"דירה, רמת ורבר, פתח תקווה",3,76,"מרפסות
1","קומות בבנין
4","חניות
ללא",1,0,0,1,0,0,1,0,1,0,"מצב הנכס
משופץ","תאריך כניסה
כניסה גמישה",0,0
138,139,"2,090,000 ₪",הרצפלד 5 מפה,"דירה, רמת ורבר, פתח תקווה",3,76,"מרפסות
1","קומות בבנין
4","חניות
ללא",1,0,0,1,0,0,1,0,0,0,"מצב הנכס
משופץ","תאריך כניסה
כניסה גמישה",0,0
139,140,"1,980,000 ₪",הרצפלד מפה,"דירה, רמת ורבר, פתח תקווה",קרקע,70,"מרפסות
1","קומות בבנין
3","חניות
ללא",1,0,0,1,0,0,1,0,1,0,"מצב הנכס
משופץ","תאריך כניסה
כניסה מיידית",0,0
140,141,"1,950,000 ₪",השופט ברנדייס 6 מפה,"דירה, שיפר, פתח תקווה",2,70,"מרפסות
1","קומות בבנין
4","חניות
1",1,0,1,1,0,1,1,0,1,0,"מצב הנכס
משופץ","תאריך כניסה
כניסה גמישה",0,0
141,142,"2,425,000 ₪",התשעים ושלוש מפה,"דירה, המרכז השקט / מרכז העיר, פתח תקווה",1,80,"מרפסות
1","קומות בבנין
7","חניות
1",1,0,1,1,1,1,0,0,0,0,"מצב הנכס
חדש מקבלן","תאריך כניסה
31/01/2024",0,1
142,143,"2,425,000 ₪",התשעים ושלוש מפה,"דירה, המרכז השקט / מרכז העיר, פתח תקווה",1,80,"מרפסות
1","קומות בבנין
7","חניות
1",1,0,1,1,1,1,0,0,0,0,"מצב הנכס
חדש מקבלן","תאריך כניסה
31/01/2024",0,1
143,144,"1,890,000 ₪",זאב ברנדה מפה,"דירה, המרכז השקט / מרכז העיר, פתח תקווה",1,90,none,"קומות בבנין
7","חניות
ללא",1,1,1,0,1,0,0,0,0,1,"מצב הנכס
דרוש שיפוץ","תאריך כניסה
כניסה מיידית",0,0
144,145,"1,890,000 ₪",זאב ברנדה מפה,"דירה, המרכז השקט / מרכז העיר, פתח תקווה",1,90,none,"קומות בבנין
7","חניות
ללא",1,1,1,0,1,0,0,0,0,1,"מצב הנכס
דרוש שיפוץ","תאריך כניסה
כניסה מיידית",0,0
145,146,"2,550,000 ₪",זכרון יעקב 46 מפה,"דירה, הדר המושבות הותיקה / אם המושבות הותיקה, פתח תקווה",3,80,"מרפסות
1","קומות בבנין
8","חניות
2",1,1,1,1,1,1,1,1,1,1,"מצב הנכס
במצב שמור","תאריך כניסה
כניסה גמישה",0,0
146,147,"1,990,000 ₪",זכרון משה מפה,"דירה, המרכז השקט / מרכז העיר, פתח תקווה",4,84,none,"קומות בבנין
7","חניות
1",1,0,1,0,1,0,1,0,0,0,"מצב הנכס
משופץ","תאריך כניסה
לא צוין תאריך כניסה",0,0
147,148,"1,645,000 ₪",זמנהוף מפה,"דירה, אחדות, פתח תקווה",3,70,"מרפסות
1","קומות בבנין
3","חניות
ללא",1,0,0,1,0,0,1,0,1,0,"מצב הנכס
משופץ","תאריך כניסה
כניסה גמישה",0,0
148,149,"2,149,000 ₪",זרח ברנט 22 מפה,"דירה, תקומה / קרית חזני, פתח תקווה",4,85,"מרפסות
1","קומות בבנין
4","חניות
1",1,0,1,1,0,0,1,0,1,1,"מצב הנכס
משופץ","תאריך כניסה
כניסה גמישה",0,1
149,150,"2,250,000 ₪","חב""ד מפה","דירה, מחנה יהודה, פתח תקווה",1,80,"מרפסות
1","קומות בבנין
4","חניות
1",0,0,1,1,1,1,1,0,0,0,"מצב הנכס
במצב שמור","תאריך כניסה
כניסה גמישה",0,0
150,151,"1,630,000 ₪",חובבי ציון מפה,"דירה, לב המושבה / מרכז העיר, פתח תקווה",3,71,none,"קומות בבנין
3","חניות
ללא",1,0,0,1,0,0,0,0,0,0,"מצב הנכס
במצב שמור","תאריך כניסה
כניסה מיידית",0,0
151,152,"2,050,000 ₪","חזון אי""ש 7 מפה","דירה, תקומה / קרית חזני, פתח תקווה",3,70,"מרפסות
1","קומות בבנין
4","חניות
ללא",1,0,1,1,1,0,1,0,0,0,"מצב הנכס
משופץ","תאריך כניסה
כניסה גמישה",0,0
152,153,"2,100,000 ₪",חיים ארלוזורוב מפה,"דירה, רמת ורבר, פתח תקווה",3,67,none,"קומות בבנין
3","חניות
ללא",1,0,0,1,0,0,0,0,1,0,"מצב הנכס
דרוש שיפוץ","תאריך כניסה
כניסה מיידית",0,0
153,154,"2,100,000 ₪",חיים ארלוזורוב מפה,"דירה, רמת ורבר, פתח תקווה",3,67,none,"קומות בבנין
3","חניות
ללא",1,0,0,1,0,0,0,0,1,0,"מצב הנכס
דרוש שיפוץ","תאריך כניסה
כניסה מיידית",0,0
154,155,"1,890,000 ₪",חנה סנש 11,"דירה, המרכז השקט / מרכז העיר, פתח תקווה",1,69,nan,nan,nan,nan,nan,nan,nan,nan,nan,nan,nan,nan,nan,nan,nan,0,0
155,156,"1,900,000 ₪",חנה סנש מפה,"דירה, המרכז השקט / מרכז העיר, פתח תקווה",3,75,"מרפסות
1","קומות בבנין
6","חניות
1",1,0,1,1,1,1,1,0,0,0,"מצב הנכס
משופץ","תאריך כניסה
כניסה גמישה",0,0
156,157,"1,950,000 ₪",חנה רובינא מפה,"דירה, פתח תקווה",5,75,"מרפסות
1","קומות בבנין
7","חניות
1",0,1,1,1,0,1,1,1,0,0,"מצב הנכס
במצב שמור","תאריך כניסה
כניסה גמישה",0,0
157,158,"1,950,000 ₪",חנה רובינא מפה,"דירה, פתח תקווה",5,75,"מרפסות
1","קומות בבנין
7","חניות
1",0,1,1,1,0,1,1,1,0,0,"מצב הנכס
במצב שמור","תאריך כניסה
כניסה גמישה",0,0
158,159,"1,890,000 ₪",טבריה מפה,"דירה, עמישב, פתח תקווה",קרקע,55,none,"קומות בבנין
3","חניות
ללא",1,1,0,1,1,0,1,0,1,0,"מצב הנכס
משופץ","תאריך כניסה
כניסה גמישה",0,0
159,160,"2,050,000 ₪",טרומפלדור 24 מפה,"דירה, רמת ורבר, פתח תקווה",3,70,"מרפסות
1","קומות בבנין
7","חניות
1",1,0,1,0,0,0,1,1,0,1,"מצב הנכס
משופץ","תאריך כניסה
כניסה גמישה",0,0
160,161,"2,360,000 ₪","י""ד הבנים 4 מפה","דירה, כפר גנים ב, פתח תקווה",1,84,"מרפסות
1","קומות בבנין
5","חניות
1",1,0,1,1,1,1,0,0,1,0,"מצב הנכס
חדש","תאריך כניסה
כניסה גמישה",0,0
161,162,"1,750,000 ₪",יהודה הלוי 11 מפה,"דירה, לב המושבה / מרכז העיר, פתח תקווה",2,75,none,"קומות בבנין
3","חניות
ללא",0,0,0,0,0,0,0,0,0,0,"מצב הנכס
במצב שמור","תאריך כניסה
כניסה גמישה",0,0
162,163,"1,790,000 ₪",יהודה הלוי מפה,"דירה, לב המושבה / מרכז העיר, פתח תקווה",2,61,"מרפסות
1","קומות בבנין
5","חניות
ללא",1,0,1,0,1,1,0,0,1,0,"מצב הנכס
חדש מקבלן","תאריך כניסה
כניסה מיידית",0,0
163,164,"1,790,000 ₪",יהודה הלוי מפה,"דירה, לב המושבה / מרכז העיר, פתח תקווה",2,61,"מרפסות
1","קומות בבנין
5","חניות
ללא",1,0,1,0,1,1,0,0,1,0,"מצב הנכס
חדש מקבלן","תאריך כניסה
כניסה מיידית",0,0
164,165,"1,850,000 ₪",יהודה לייב פינסקר מפה,"דירה, לב המושבה / מרכז העיר, פתח תקווה",1,83,"מרפסות
1","קומות בבנין
3","חניות
1",1,0,1,0,0,0,0,0,0,0,"מצב הנכס
במצב שמור","תאריך כניסה
כניסה גמישה",0,0
165,166,"1,850,000 ₪",יהודה לייב פינסקר מפה,"דירה, לב המושבה / מרכז העיר, פתח תקווה",1,83,"מרפסות
1","קומות בבנין
3","חניות
1",1,0,1,0,0,0,0,0,0,0,"מצב הנכס
במצב שמור","תאריך כניסה
כניסה גמישה",0,0
166,167,"1,890,000 ₪",יהושע שטמפפר 54 מפה,"דירה, עין גנים, פתח תקווה",4,80,none,"קומות בבנין
4","חניות
1",1,0,1,1,1,0,0,0,1,1,"מצב הנכס
במצב שמור","תאריך כניסה
כניסה גמישה",0,0
167,168,"1,950,000 ₪",יהושע שטמפפר מפה,"דירה, תקומה / קרית חזני, פתח תקווה",4,77,"מרפסות
1","קומות בבנין
7","חניות
1",1,0,1,1,0,1,0,0,0,0,"מצב הנכס
משופץ","תאריך כניסה
כניסה גמישה",0,0
168,169,"2,280,000 ₪",יואל משה סלומון 11 מפה,"דירה, המרכז השקט / מרכז העיר, פתח תקווה",2,90,"מרפסות
1","קומות בבנין
9","חניות
1",0,0,1,1,1,1,0,0,0,0,"מצב הנכס
חדש מקבלן","תאריך כניסה
לא צוין תאריך כניסה",0,0
169,170,"2,050,000 ₪",יואל משה סלומון 11 מפה,"דירה, המרכז השקט / מרכז העיר, פתח תקווה",1,83,"מרפסות
1","קומות בבנין
9","חניות
ללא",0,0,1,1,1,1,0,0,0,0,"מצב הנכס
חדש מקבלן","תאריך כניסה
לא צוין תאריך כניסה",0,0
170,171,"2,190,000 ₪",יואל משה סלומון מפה,"דירה, פתח תקווה",1,90,none,"קומות בבנין
6","חניות
ללא",1,0,1,1,1,0,1,0,0,1,"מצב הנכס
משופץ","תאריך כניסה
כניסה מיידית",0,0
171,172,"2,190,000 ₪",יואל משה סלומון מפה,"דירה, פתח תקווה",1,90,none,"קומות בבנין
6","חניות
ללא",1,0,1,1,1,0,1,0,0,1,"מצב הנכס
משופץ","תאריך כניסה
כניסה מיידית",0,0
172,173,"1,969,000 ₪",יונה גרין מפה,"דירה, קרית הרב סלומון, פתח תקווה",2,79,"מרפסות
1","קומות בבנין
5","חניות
1",1,0,1,1,0,1,0,0,0,0,"מצב הנכס
משופץ","תאריך כניסה
כניסה גמישה",0,0
173,174,"1,955,555 ₪",יוסף אהרונוביץ' מפה,"דירה, תקומה / קרית חזני, פתח תקווה",2,73,"מרפסות
1","קומות בבנין
5","חניות
1",1,0,1,1,0,0,0,0,0,0,"מצב הנכס
במצב שמור","תאריך כניסה
29/02/2024",0,0
174,175,"1,955,555 ₪",יוסף אהרונוביץ' מפה,"דירה, תקומה / קרית חזני, פתח תקווה",2,73,"מרפסות
1","קומות בבנין
5","חניות
1",1,0,1,1,0,0,0,0,0,0,"מצב הנכס
במצב שמור","תאריך כניסה
29/02/2024",0,0
175,176,"1,790,000 ₪",יוסף ספיר מפה,"דירה, שיפר, פתח תקווה",2,70,none,"קומות בבנין
4","חניות
ללא",1,0,0,1,0,0,0,0,1,0,"מצב הנכס
משופץ","תאריך כניסה
כניסה גמישה",0,0
176,177,"1,950,000 ₪",יוסף קארו 30 מפה,"דירה, תקומה / קרית חזני, פתח תקווה",3,75,none,"קומות בבנין
4","חניות
1",1,0,1,1,1,1,0,0,0,1,"מצב הנכס
במצב שמור","תאריך כניסה
כניסה מיידית",0,0
177,178,"1,950,000 ₪",יוסף קארו 30 מפה,"דירה, תקומה / קרית חזני, פתח תקווה",3,75,none,"קומות בבנין
4","חניות
1",1,0,1,1,1,1,0,0,0,1,"מצב הנכס
במצב שמור","תאריך כניסה
כניסה מיידית",0,0
178,179,"2,700,000 ₪",יוסף קארו 40,"דירה, תקומה / קרית חזני, פתח תקווה",2,70,nan,nan,nan,nan,nan,nan,nan,nan,nan,nan,nan,nan,nan,nan,nan,0,0
179,180,"1,730,000 ₪",יוסף קארו מפה,"דירה, תקומה / קרית חזני, פתח תקווה",2,70,none,"קומות בבנין
4","חניות
1",1,0,1,0,0,1,0,0,0,0,"מצב הנכס
במצב שמור","תאריך כניסה
כניסה מיידית",0,0
180,181,"1,900,000 ₪",יוסף קארו מפה,"דירה, תקומה / קרית חזני, פתח תקווה",3,70,"מרפסות
1","קומות בבנין
5","חניות
1",1,1,1,0,1,1,0,0,0,1,"מצב הנכס
במצב שמור","תאריך כניסה
כניסה מיידית",0,0
181,182,"1,750,000 ₪",יוסף קארו מפה,"דירה, תקומה / קרית חזני, פתח תקווה",1,65,"מרפסות
1","קומות בבנין
5","חניות
1",1,1,1,1,0,0,1,0,1,0,"מצב הנכס
משופץ","תאריך כניסה
כניסה גמישה",0,0
182,183,לא צוין מחיר,יוסף קארו מפה,"דירה, תקומה / קרית חזני, פתח תקווה",1,75,none,"קומות בבנין
4","חניות
1",1,0,1,1,1,0,1,0,1,1,"מצב הנכס
במצב שמור","תאריך כניסה
כניסה מיידית",0,0
183,184,"2,200,000 ₪",יוסף שפרינצק 17 מפה,"דירה, אחדות, פתח תקווה",1,75,none,"קומות בבנין
4","חניות
ללא",1,0,0,1,0,0,1,0,1,1,"מצב הנכס
משופץ","תאריך כניסה
כניסה גמישה",0,0
184,185,"2,100,000 ₪",יחיאל מיכל פינס מפה,"דירה, המרכז השקט / מרכז העיר, פתח תקווה",5,73,"מרפסות
1","קומות בבנין
7","חניות
1",1,0,1,0,0,1,0,0,0,0,"מצב הנכס
משופץ","תאריך כניסה
כניסה גמישה",0,0
185,186,"2,840,000 ₪",יטקובסקי אחים 19 מפה,"דירה, כפר גנים ב, פתח תקווה",1,81,"מרפסות
1","קומות בבנין
7","חניות
1",1,0,1,1,1,1,0,0,0,0,"מצב הנכס
חדש מקבלן","תאריך כניסה
30/11/2024",0,0
186,187,"2,750,000 ₪",יעל רום מפה,"דירה, הדר המושבות החדשה / אם המושבות החדשה, פתח תקווה",4,85,"מרפסות
1","קומות בבנין
10","חניות
1",1,0,1,1,1,1,1,0,0,0,"מצב הנכס
משופץ","תאריך כניסה
כניסה גמישה",0,0
187,188,"2,750,000 ₪",יעל רום מפה,"דירה, הדר המושבות החדשה / אם המושבות החדשה, פתח תקווה",4,85,"מרפסות
1","קומות בבנין
10","חניות
1",1,0,1,1,1,1,1,0,0,0,"מצב הנכס
משופץ","תאריך כניסה
כניסה גמישה",0,0
188,189,"2,650,000 ₪",יעל רום מפה,"דירה, הדר המושבות החדשה / אם המושבות החדשה, פתח תקווה",1,84,"מרפסות
1","קומות בבנין
22","חניות
2",1,0,1,1,1,1,1,1,1,0,"מצב הנכס
חדש","תאריך כניסה
11/08/2023",0,0
189,190,"2,750,000 ₪",יעל רום מפה,"דירה, הדר המושבות החדשה / אם המושבות החדשה, פתח תקווה",4,85,"מרפסות
1","קומות בבנין
10","חניות
1",1,0,1,1,1,1,1,0,0,0,"מצב הנכס
משופץ","תאריך כניסה
כניסה גמישה",0,0
190,191,"1,860,000 ₪",יצחק בן דוד מפה,"דירה, מחנה יהודה, פתח תקווה",1,90,none,"קומות בבנין
3","חניות
1",1,1,0,1,0,0,1,0,0,0,"מצב הנכס
משופץ","תאריך כניסה
30/06/2023",0,0
191,192,"1,880,000 ₪",יצחק שדה 17 מפה,"דירה, לב המושבה / מרכז העיר, פתח תקווה",2,50,none,"קומות בבנין
2","חניות
ללא",1,0,0,0,0,0,1,0,0,0,"מצב הנכס
משופץ","תאריך כניסה
לא צוין תאריך כניסה",0,0
192,193,"1,800,000 ₪",יצחק שדה מפה,"דירה, רמת ורבר, פתח תקווה",קרקע,50,none,"קומות בבנין
3","חניות
ללא",1,0,0,1,0,0,0,0,1,0,"מצב הנכס
במצב שמור","תאריך כניסה
כניסה מיידית",0,0
193,194,"1,730,000 ₪","כ""ט בנובמבר מפה","דירה, פתח תקווה",2,70,none,"קומות בבנין
3","חניות
1",1,0,1,0,0,1,0,0,0,0,"מצב הנכס
במצב שמור","תאריך כניסה
כניסה גמישה",0,0
194,195,"1,570,000 ₪",כפר גנים א מפה,"דירה, כפר גנים א, פתח תקווה",1,69,none,"קומות בבנין
5","חניות
1",0,0,1,0,1,0,0,0,0,0,"מצב הנכס
דרוש שיפוץ","תאריך כניסה
כניסה מיידית",0,0
195,196,"2,080,000 ₪",לב המושבה / מרכז העיר מפה,"דירה, לב המושבה / מרכז העיר, פתח תקווה",7,80,"מרפסות
1","קומות בבנין
8","חניות
1",0,0,0,0,0,0,0,0,0,0,"מצב הנכס
חדש","תאריך כניסה
01/07/2023",0,0
196,197,"1,600,000 ₪",לב המושבה / מרכז העיר מפה,"דירה, לב המושבה / מרכז העיר, פתח תקווה",1,77,"מרפסות
1","קומות בבנין
3","חניות
ללא",0,0,0,0,0,0,0,0,0,0,"מצב הנכס
במצב שמור","תאריך כניסה
כניסה מיידית",0,0
197,198,"1,750,000 ₪",לב המושבה / מרכז העיר מפה,"דירה, לב המושבה / מרכז העיר, פתח תקווה",8,76,none,"קומות בבנין
9","חניות
ללא",1,1,1,1,1,1,1,0,1,1,"מצב הנכס
משופץ","תאריך כניסה
כניסה גמישה",0,0
198,199,"1,600,000 ₪",לב המושבה / מרכז העיר מפה,"דירה, לב המושבה / מרכז העיר, פתח תקווה",4,95,none,"קומות בבנין
4","חניות
ללא",1,0,1,1,1,0,0,0,0,0,"מצב הנכס
במצב שמור","תאריך כניסה
כניסה גמישה",0,0
199,200,"1,750,000 ₪",לוחמי הגטו מפה,"דירה, כפר גנים א, פתח תקווה",1,70,none,"קומות בבנין
6","חניות
1",1,1,1,1,1,0,0,0,1,0,"מצב הנכס
במצב שמור","תאריך כניסה
כניסה מיידית",0,0
200,201,"2,060,000 ₪",למפרט מפה,"דירה, לב המושבה / מרכז העיר, פתח תקווה",9,80,"מרפסות
1","קומות בבנין
10","חניות
ללא",1,0,1,1,1,1,1,0,1,0,"מצב הנכס
חדש","תאריך כניסה
כניסה גמישה",0,0
201,202,"1,790,000 ₪",מונטיפיורי מפה,"דירה, לב המושבה / מרכז העיר, פתח תקווה",3,88,"מרפסות
2","קומות בבנין
6","חניות
ללא",0,0,1,1,1,0,0,0,0,0,"מצב הנכס
דרוש שיפוץ","תאריך כניסה
כניסה מיידית",0,0
202,203,"1,790,000 ₪",מונטיפיורי מפה,"דירה, לב המושבה / מרכז העיר, פתח תקווה",3,88,"מרפסות
2","קומות בבנין
6","חניות
ללא",0,0,1,1,1,0,0,0,0,0,"מצב הנכס
דרוש שיפוץ","תאריך כניסה
כניסה מיידית",0,0
203,204,"1,790,000 ₪",מונטיפיורי מפה,"דירה, לב המושבה / מרכז העיר, פתח תקווה",2,84,none,"קומות בבנין
6","חניות
1",1,0,1,0,1,0,0,0,0,1,"מצב הנכס
במצב שמור","תאריך כניסה
כניסה מיידית",0,0
204,205,"2,100,000 ₪",מוצקין 5 מפה,"דירה, לב המושבה / מרכז העיר, פתח תקווה",3,94,none,"קומות בבנין
3","חניות
ללא",1,1,0,0,0,0,0,0,0,0,"מצב הנכס
במצב שמור","תאריך כניסה
כניסה מיידית",0,0
205,206,"2,500,000 ₪",מזרחי 11 מפה,"דירה, עין גנים, פתח תקווה",4,90,"מרפסות
1","קומות בבנין
6","חניות
1",0,0,1,1,1,1,0,0,0,0,"מצב הנכס
חדש מקבלן","תאריך כניסה
21/03/2024",0,0
206,207,"1,872,000 ₪",מחנה יהודה מפה,"דירה, מחנה יהודה, פתח תקווה",2,60,none,"קומות בבנין
4","חניות
1",0,0,0,0,0,0,1,0,0,0,"מצב הנכס
משופץ","תאריך כניסה
לא צוין תאריך כניסה",0,0
207,208,"2,080,000 ₪",מחנה יהודה מפה,"דירה, מחנה יהודה, פתח תקווה",1,82,"מרפסות
1","קומות בבנין
7","חניות
1",0,0,1,1,1,1,0,1,0,0,"מצב הנכס
חדש מקבלן","תאריך כניסה
לא צוין תאריך כניסה",0,0
208,209,"2,180,000 ₪",מחנה יהודה מפה,"דירה, מחנה יהודה, פתח תקווה",1,70,"מרפסות
1","קומות בבנין
7","חניות
1",0,0,1,1,1,1,0,0,0,0,"מצב הנכס
חדש מקבלן","תאריך כניסה
01/07/2024",0,0
209,210,"2,300,000 ₪",מיכל לייב כץ מפה,"דירה, כפר גנים א, פתח תקווה",2,93,"מרפסות
1","קומות בבנין
5","חניות
1",0,0,1,1,1,1,0,0,0,0,"מצב הנכס
חדש מקבלן","תאריך כניסה
01/09/2024",0,1
210,211,"1,800,000 ₪",משה הס 12 מפה,"דירה, לב המושבה / מרכז העיר, פתח תקווה",3,89,none,"קומות בבנין
4","חניות
ללא",0,0,0,0,0,0,0,0,0,0,"מצב הנכס
במצב שמור","תאריך כניסה
לא צוין תאריך כניסה",0,0
211,212,"1,800,000 ₪",משה הס 12 מפה,"דירה, לב המושבה / מרכז העיר, פתח תקווה",3,89,none,"קומות בבנין
4","חניות
ללא",0,0,0,0,0,0,0,0,0,0,"מצב הנכס
במצב שמור","תאריך כניסה
לא צוין תאריך כניסה",0,0
212,213,"1,750,000 ₪",משה הס 19 מפה,"דירה, לב המושבה / מרכז העיר, פתח תקווה",1,72,"מרפסות
2","קומות בבנין
3","חניות
ללא",1,0,0,0,0,0,0,0,0,0,"מצב הנכס
במצב שמור","תאריך כניסה
כניסה גמישה",0,0
213,214,"1,730,000 ₪",משה מרקוס מפה,"דירה, לב המושבה / מרכז העיר, פתח תקווה",1,75,nan,nan,nan,1,1,0,1,0,0,1,0,0,1,nan,nan,0,0
214,215,"1,730,000 ₪",משה מרקוס מפה,"דירה, לב המושבה / מרכז העיר, פתח תקווה",1,75,none,"קומות בבנין
4","חניות
ללא",1,1,0,1,0,0,1,0,0,1,"מצב הנכס
משופץ","תאריך כניסה
כניסה גמישה",0,0
215,216,"1,890,000 ₪",משה סמילנסקי מפה,"דירה, המרכז השקט / מרכז העיר, פתח תקווה",2,85,none,"קומות בבנין
4","חניות
1",1,0,0,1,0,0,0,0,0,0,"מצב הנכס
במצב שמור","תאריך כניסה
15/11/2023",0,0
216,217,"1,890,000 ₪",משה סמילנסקי מפה,"דירה, המרכז השקט / מרכז העיר, פתח תקווה",2,85,none,"קומות בבנין
4","חניות
1",1,0,0,1,0,0,0,0,0,0,"מצב הנכס
במצב שמור","תאריך כניסה
15/11/2023",0,0
217,218,"3,500,000 ₪",משה סנה 39 מפה,"דירה, הדר המושבות החדשה / אם המושבות החדשה, פתח תקווה",20,127,"מרפסות
1","קומות בבנין
21","חניות
2",1,0,1,0,1,1,1,1,0,1,"מצב הנכס
משופץ","תאריך כניסה
כניסה מיידית",0,0
218,219,"2,650,000 ₪",משה סנה מפה,"דירה, הדר המושבות החדשה / אם המושבות החדשה, פתח תקווה",8,82,"מרפסות
1","קומות בבנין
9","חניות
1",1,0,1,1,1,1,0,0,0,0,"מצב הנכס
במצב שמור","תאריך כניסה
10/09/2023",0,0
219,220,"2,100,000 ₪",משעול שמחה הולצברג מפה,"דירה, יוספטל, פתח תקווה",3,88,"מרפסות
2","קומות בבנין
4","חניות
1",1,0,1,1,1,1,1,0,0,0,"מצב הנכס
משופץ","תאריך כניסה
כניסה גמישה",1,0
220,221,"2,100,000 ₪",משעול שמחה הולצברג מפה,"דירה, יוספטל, פתח תקווה",3,88,nan,nan,nan,1,0,1,1,1,1,1,0,0,0,nan,nan,0,0
221,222,לא צוין מחיר,נווה גן מפה,"דירה, נווה גן, פתח תקווה",1,80,"מרפסות
2","קומות בבנין
9","חניות
2",1,1,1,1,1,1,1,0,0,0,"מצב הנכס
במצב שמור","תאריך כניסה
כניסה גמישה",0,0
222,223,לא צוין מחיר,נווה גן מפה,"דירה, נווה גן, פתח תקווה",1,80,"מרפסות
2","קומות בבנין
9","חניות
2",1,1,1,1,1,1,1,0,0,0,"מצב הנכס
במצב שמור","תאריך כניסה
כניסה גמישה",0,0
223,224,לא צוין מחיר,נווה גן מפה,"דירה, נווה גן, פתח תקווה",1,80,"מרפסות
2","קומות בבנין
9","חניות
2",1,1,1,1,1,1,1,0,0,0,"מצב הנכס
במצב שמור","תאריך כניסה
כניסה גמישה",0,0
224,225,לא צוין מחיר,נווה גן מפה,"דירה, נווה גן, פתח תקווה",1,80,nan,nan,nan,nan,nan,nan,nan,nan,nan,nan,nan,nan,nan,nan,nan,0,0
225,226,לא צוין מחיר,נווה גן מפה,"דירה, נווה גן, פתח תקווה",1,80,"מרפסות
2","קומות בבנין
9","חניות
2",1,1,1,1,1,1,1,0,0,0,"מצב הנכס
במצב שמור","תאריך כניסה
כניסה גמישה",0,0
226,227,"2,420,000 ₪",נווה גן מפה,"דירה, נווה גן, פתח תקווה",16,91,"מרפסות
1","קומות בבנין
26","חניות
1",1,0,1,1,1,1,1,0,1,0,"מצב הנכס
חדש מקבלן","תאריך כניסה
לא צוין תאריך כניסה",0,0
227,228,"2,420,000 ₪",נווה גן מפה,"דירה, נווה גן, פתח תקווה",16,91,"מרפסות
1","קומות בבנין
26","חניות
1",1,0,1,1,1,1,1,0,1,0,"מצב הנכס
חדש מקבלן","תאריך כניסה
לא צוין תאריך כניסה",0,0
228,229,לא צוין מחיר,נווה גן מפה,"דירה, נווה גן, פתח תקווה",6,85,"מרפסות
1","קומות בבנין
9","חניות
2",1,0,1,1,0,1,0,1,0,0,"מצב הנכס
במצב שמור","תאריך כניסה
כניסה גמישה",0,0
229,230,"2,420,000 ₪",נווה גן מפה,"דירה, נווה גן, פתח תקווה",16,91,"מרפסות
1","קומות בבנין
26","חניות
1",1,0,1,1,1,1,1,0,1,0,"מצב הנכס
חדש מקבלן","תאריך כניסה
לא צוין תאריך כניסה",0,0
230,231,"1,750,000 ₪",נחלת צבי 11 מפה,"דירה, פתח תקווה",3,75,none,"קומות בבנין
4","חניות
ללא",1,0,0,0,0,0,0,0,0,0,"מצב הנכס
דרוש שיפוץ","תאריך כניסה
לא צוין תאריך כניסה",0,0
231,232,"1,800,000 ₪",נחלת צבי 32 מפה,"דירה, עין גנים, פתח תקווה",3,80,"מרפסות
1","קומות בבנין
3","חניות
1",1,0,0,0,0,0,0,0,0,0,"מצב הנכס
במצב שמור","תאריך כניסה
לא צוין תאריך כניסה",0,0
232,233,"1,698,000 ₪",נחלת צבי 36 מפה,"דירה, פתח תקווה",3,65,none,"קומות בבנין
4","חניות
ללא",1,0,0,1,0,0,1,0,1,1,"מצב הנכס
במצב שמור","תאריך כניסה
כניסה גמישה",0,0
233,234,"2,090,000 ₪",נחלת צבי מפה,"דירה, תקומה / קרית חזני, פתח תקווה",3,80,"מרפסות
1","קומות בבנין
6","חניות
1",1,1,1,1,1,0,1,1,1,1,"מצב הנכס
משופץ","תאריך כניסה
כניסה גמישה",0,0
234,235,"2,090,000 ₪",נחלת צבי מפה,"דירה, תקומה / קרית חזני, פתח תקווה",3,80,"מרפסות
1","קומות בבנין
6","חניות
1",1,1,1,1,1,0,1,1,1,1,"מצב הנכס
משופץ","תאריך כניסה
כניסה גמישה",0,0
235,236,"2,090,000 ₪",נחלת צבי מפה,"דירה, תקומה / קרית חזני, פתח תקווה",3,80,"מרפסות
1","קומות בבנין
6","חניות
1",1,1,1,1,1,0,1,1,1,1,"מצב הנכס
משופץ","תאריך כניסה
כניסה גמישה",0,0
236,237,"1,690,000 ₪",נחמן מברסלב 12 מפה,"דירה, מחנה יהודה, פתח תקווה",2,70,none,"קומות בבנין
4","חניות
ללא",1,0,0,0,0,0,0,0,0,1,"מצב הנכס
במצב שמור","תאריך כניסה
כניסה גמישה",0,0
237,238,"1,580,000 ₪",נחמן מברסלב 16,"דירה, מחנה יהודה, פתח תקווה",4,65,nan,nan,nan,nan,nan,nan,nan,nan,nan,nan,nan,nan,nan,nan,nan,0,0
238,239,"1,700,000 ₪",נחמן מברסלב 16 מפה,"דירה, מחנה יהודה, פתח תקווה",1,65,none,"קומות בבנין
4","חניות
ללא",1,0,0,1,0,0,0,0,0,1,"מצב הנכס
במצב שמור","תאריך כניסה
כניסה גמישה",0,0
239,240,"1,580,000 ₪",נחמן מברסלב 16 מפה,"דירה, מחנה יהודה, פתח תקווה",4,65,none,"קומות בבנין
4","חניות
ללא",1,1,0,1,0,0,0,0,0,1,"מצב הנכס
במצב שמור","תאריך כניסה
כניסה גמישה",0,0
240,241,"1,700,000 ₪",נחמן מברסלב 16 מפה,"דירה, מחנה יהודה, פתח תקווה",1,65,none,"קומות בבנין
4","חניות
ללא",1,0,0,1,0,0,0,0,0,1,"מצב הנכס
במצב שמור","תאריך כניסה
כניסה גמישה",0,0
241,242,"1,700,000 ₪",נחמן מברסלב 16 מפה,"דירה, מחנה יהודה, פתח תקווה",1,65,none,"קומות בבנין
4","חניות
ללא",1,0,0,1,0,0,0,0,0,1,"מצב הנכס
במצב שמור","תאריך כניסה
כניסה גמישה",0,0
242,243,"1,560,000 ₪",נחמן מברסלב מפה,"דירה, מחנה יהודה, פתח תקווה",4,70,none,"קומות בבנין
4","חניות
ללא",1,1,0,1,0,0,1,0,0,0,"מצב הנכס
משופץ","תאריך כניסה
כניסה גמישה",0,0
243,244,"1,730,000 ₪",עמישב מפה,"דירה, עמישב, פתח תקווה",3,65,none,"קומות בבנין
4","חניות
ללא",1,1,0,0,0,0,1,0,1,0,"מצב הנכס
משופץ","תאריך כניסה
כניסה גמישה",0,0
244,245,"1,850,000 ₪",פרומקין 15 מפה,"דירה, לב המושבה / מרכז העיר, פתח תקווה",1,80,none,"קומות בבנין
3","חניות
ללא",1,0,0,0,0,0,0,0,0,0,"מצב הנכס
במצב שמור","תאריך כניסה
כניסה גמישה",0,0
245,246,"1,850,000 ₪",פרומקין 15 מפה,"דירה, לב המושבה / מרכז העיר, פתח תקווה",1,80,none,"קומות בבנין
3","חניות
ללא",1,0,0,0,0,0,0,0,0,0,"מצב הנכס
במצב שמור","תאריך כניסה
כניסה גמישה",0,0
246,247,"1,690,000 ₪",פרישמן 1 מפה,"דירה, לב המושבה / מרכז העיר, פתח תקווה",3,59,none,"קומות בבנין
3","חניות
ללא",1,0,0,0,0,0,1,0,0,1,"מצב הנכס
חדש מקבלן","תאריך כניסה
כניסה גמישה",0,0
247,248,"1,750,000 ₪",פרישמן 20 מפה,"דירה, עין גנים, פתח תקווה",3,65,"מרפסות
1","קומות בבנין
4","חניות
1",1,1,0,1,0,0,1,0,1,1,"מצב הנכס
משופץ","תאריך כניסה
כניסה מיידית",0,0
248,249,"2,000,000 ₪",פרישמן 31 מפה,"דירה, עין גנים, פתח תקווה",2,77,none,"קומות בבנין
3","חניות
1",1,0,1,1,0,0,0,0,0,0,"מצב הנכס
במצב שמור","תאריך כניסה
כניסה גמישה",0,0
249,250,"1,790,000 ₪",פרישמן מפה,"דירה, פתח תקווה",4,70,none,"קומות בבנין
4","חניות
ללא",0,0,0,0,0,0,0,0,0,0,"מצב הנכס
במצב שמור","תאריך כניסה
כניסה גמישה",0,0
250,251,"1,720,000 ₪",פתח תקווה מפה,"דירה, פתח תקווה",1,73,none,"קומות בבנין
5","חניות
1",1,0,1,1,1,0,0,0,0,0,"מצב הנכס
משופץ","תאריך כניסה
כניסה גמישה",0,0
251,252,"1,860,000 ₪",פתח תקווה מפה,"דירה, פתח תקווה",5,75,"מרפסות
1","קומות בבנין
7","חניות
1",1,1,1,1,1,1,0,0,1,0,"מצב הנכס
במצב שמור","תאריך כניסה
כניסה גמישה",0,0
252,253,"1,990,000 ₪",פתח תקווה מפה,"דירה, פתח תקווה",4,115,"מרפסות
1","קומות בבנין
8","חניות
1",1,0,1,1,1,1,0,1,1,0,"מצב הנכס
חדש","תאריך כניסה
כניסה גמישה",0,0
253,254,"2,120,000 ₪",פתח תקווה מפה,"דירה, פתח תקווה",2,75,"מרפסות
1","קומות בבנין
5","חניות
2",1,0,1,0,0,1,0,0,0,0,"מצב הנכס
משופץ","תאריך כניסה
כניסה גמישה",1,0
254,255,"2,120,000 ₪",פתח תקווה מפה,"דירה, פתח תקווה",2,75,"מרפסות
1","קומות בבנין
5","חניות
2",1,0,1,0,0,1,0,0,0,0,"מצב הנכס
משופץ","תאריך כניסה
כניסה גמישה",1,0
255,256,"1,850,000 ₪",פתח תקווה מפה,"דירה, פתח תקווה",1,60,none,"קומות בבנין
4","חניות
ללא",1,1,0,0,0,0,1,0,0,0,"מצב הנכס
משופץ","תאריך כניסה
כניסה גמישה",0,0
256,257,"1,790,000 ₪",פתח תקווה מפה,"דירה, פתח תקווה",2,70,"מרפסות
1","קומות בבנין
4","חניות
1",1,0,0,0,0,0,0,0,0,0,"מצב הנכס
במצב שמור","תאריך כניסה
כניסה מיידית",0,0
257,258,"1,990,000 ₪",פתח תקווה מפה,"דירה, פתח תקווה",4,115,"מרפסות
1","קומות בבנין
8","חניות
1",1,0,1,1,1,1,0,1,1,0,"מצב הנכס
חדש","תאריך כניסה
כניסה גמישה",0,0
258,259,"2,120,000 ₪",פתח תקווה מפה,"דירה, פתח תקווה",2,75,"מרפסות
1","קומות בבנין
5","חניות
2",1,0,1,0,0,1,0,0,0,0,"מצב הנכס
משופץ","תאריך כניסה
כניסה גמישה",1,0
259,260,"1,850,000 ₪",פתח תקווה מפה,"דירה, פתח תקווה",1,60,none,"קומות בבנין
4","חניות
ללא",1,1,0,0,0,0,1,0,0,0,"מצב הנכס
משופץ","תאריך כניסה
כניסה גמישה",0,0
260,261,"1,790,000 ₪",פתח תקווה מפה,"דירה, פתח תקווה",2,70,"מרפסות
1","קומות בבנין
4","חניות
1",1,0,0,0,0,0,0,0,0,0,"מצב הנכס
במצב שמור","תאריך כניסה
כניסה מיידית",0,0
261,262,לא צוין מחיר,פתח תקווה מפה,"דירה, פתח תקווה",2,81,"מרפסות
1","קומות בבנין
7","חניות
1",1,0,1,1,1,1,0,0,1,0,"מצב הנכס
חדש מקבלן","תאריך כניסה
01/10/2024",0,1
262,263,"1,790,000 ₪",פתח תקווה מפה,"דירה, פתח תקווה",2,70,none,"קומות בבנין
4","חניות
ללא",0,0,0,1,0,0,1,0,1,1,"מצב הנכס
משופץ","תאריך כניסה
כניסה מיידית",0,0
263,264,"1,790,000 ₪",פתח תקווה מפה,"דירה, פתח תקווה",קרקע,65,none,"קומות בבנין
4","חניות
ללא",1,1,0,0,1,0,0,0,0,1,"מצב הנכס
חדש","תאריך כניסה
כניסה מיידית",0,0
264,265,"1,750,000 ₪",פתח תקווה מפה,"דירה, פתח תקווה",3,60,none,"קומות בבנין
4","חניות
ללא",1,1,0,1,0,0,1,0,0,0,"מצב הנכס
חדש","תאריך כניסה
לא צוין תאריך כניסה",0,0
265,266,"1,700,000 ₪",פתח תקווה מפה,"דירה, פתח תקווה",3,70,none,"קומות בבנין
4","חניות
ללא",0,0,0,0,0,0,0,0,0,0,"מצב הנכס
במצב שמור","תאריך כניסה
כניסה גמישה",0,0
266,267,"1,750,000 ₪",פתח תקווה מפה,"דירה, פתח תקווה",6,75,none,"קומות בבנין
7","חניות
ללא",1,0,1,1,1,0,0,0,1,0,"מצב הנכס
במצב שמור","תאריך כניסה
לא צוין תאריך כניסה",0,0
267,268,"1,850,000 ₪",פתח תקווה מפה,"דירה, פתח תקווה",3,70,none,"קומות בבנין
3","חניות
ללא",0,0,0,0,0,0,0,0,0,0,"מצב הנכס
משופץ","תאריך כניסה
כניסה מיידית",0,0
268,269,"2,280,000 ₪",פתח תקווה מפה,"דירה, פתח תקווה",6,87,"מרפסות
1","קומות בבנין
8","חניות
1",1,0,1,1,1,1,0,1,0,0,"מצב הנכס
חדש מקבלן","תאריך כניסה
כניסה מיידית",0,0
269,270,"2,290,000 ₪",צבי הירש קלישר,"דירה, מחנה יהודה, פתח תקווה",2,87,nan,nan,nan,nan,nan,nan,nan,nan,nan,nan,nan,nan,nan,nan,nan,0,0
270,271,לא צוין מחיר,צבי הירש קלישר 10 מפה,"דירה, מחנה יהודה, פתח תקווה",4,81,"מרפסות
1","קומות בבנין
6","חניות
1",0,0,1,0,1,1,0,0,0,0,"מצב הנכס
במצב שמור","תאריך כניסה
01/12/2023",0,0
271,272,"2,290,000 ₪",צבי הירש קלישר מפה,"דירה, מחנה יהודה, פתח תקווה",2,87,"מרפסות
2","קומות בבנין
6","חניות
1",1,0,1,1,1,1,1,1,1,1,"מצב הנכס
משופץ","תאריך כניסה
לא צוין תאריך כניסה",0,0
272,273,"2,290,000 ₪",צבי הירש קלישר מפה,"דירה, מחנה יהודה, פתח תקווה",2,87,"מרפסות
2","קומות בבנין
6","חניות
1",1,0,1,1,1,1,1,1,1,1,"מצב הנכס
משופץ","תאריך כניסה
לא צוין תאריך כניסה",0,0
273,274,"2,250,000 ₪",צבי הירש קלישר מפה,"דירה, מחנה יהודה, פתח תקווה",3,95,"מרפסות
1","קומות בבנין
9","חניות
1",0,0,1,1,0,1,0,0,0,0,"מצב הנכס
חדש מקבלן","תאריך כניסה
לא צוין תאריך כניסה",0,0
274,275,"1,930,000 ₪",צבי הירש קלישר מפה,"דירה, פתח תקווה",2,75,"מרפסות
1","קומות בבנין
6","חניות
1",1,0,1,1,1,1,0,0,0,0,"מצב הנכס
במצב שמור","תאריך כניסה
כניסה גמישה",0,0
275,276,"1,990,000 ₪",צבי הירש קלישר מפה,"דירה, מחנה יהודה, פתח תקווה",4,83,"מרפסות
2","קומות בבנין
6","חניות
1",1,0,0,0,0,0,0,0,0,0,"מצב הנכס
חדש מקבלן","תאריך כניסה
כניסה מיידית",0,0
276,277,"2,070,000 ₪","צה""ל 70 מפה","דירה, בר יהודה, פתח תקווה",6,79,"מרפסות
1","קומות בבנין
7","חניות
1",0,0,1,0,0,1,0,0,0,0,"מצב הנכס
חדש מקבלן","תאריך כניסה
לא צוין תאריך כניסה",0,0
277,278,"2,070,000 ₪","צה""ל 70 מפה","דירה, בר יהודה, פתח תקווה",6,79,"מרפסות
1","קומות בבנין
7","חניות
1",0,0,1,0,0,1,0,0,0,0,"מצב הנכס
חדש מקבלן","תאריך כניסה
לא צוין תאריך כניסה",0,0
278,279,"2,311,000 ₪","צה""ל 76 מפה","דירה, בר יהודה, פתח תקווה",6,83,"מרפסות
1","קומות בבנין
7","חניות
1",0,0,1,0,0,1,0,0,0,0,"מצב הנכס
חדש מקבלן","תאריך כניסה
לא צוין תאריך כניסה",0,0
279,280,"2,311,000 ₪","צה""ל 76 מפה","דירה, בר יהודה, פתח תקווה",6,83,"מרפסות
1","קומות בבנין
7","חניות
1",0,0,1,0,0,1,0,0,0,0,"מצב הנכס
חדש מקבלן","תאריך כניסה
לא צוין תאריך כניסה",0,0
280,281,"2,200,000 ₪",צירלסון 12 מפה,"דירה, תקומה / קרית חזני, פתח תקווה",3,75,none,"קומות בבנין
4","חניות
ללא",1,0,0,1,0,0,0,0,0,1,"מצב הנכס
במצב שמור","תאריך כניסה
כניסה גמישה",0,0
281,282,"2,200,000 ₪",צירלסון 12 מפה,"דירה, תקומה / קרית חזני, פתח תקווה",3,75,none,"קומות בבנין
4","חניות
ללא",1,0,0,1,0,0,0,0,0,1,"מצב הנכס
במצב שמור","תאריך כניסה
כניסה גמישה",0,0
282,283,"2,100,000 ₪",צפת 74 מפה,"דירה, עמישב, פתח תקווה",2,85,"מרפסות
1","קומות בבנין
4","חניות
1",1,0,1,1,0,1,1,0,1,1,"מצב הנכס
משופץ","תאריך כניסה
07/05/2024",0,0
283,284,"2,180,000 ₪",צפת 76,"דירה, עמישב, פתח תקווה",1,85,nan,nan,nan,nan,nan,nan,nan,nan,nan,nan,nan,nan,nan,nan,nan,0,0
284,285,"1,970,000 ₪",צפת מפה,"דירה, עמישב, פתח תקווה",3,80,"מרפסות
1","קומות בבנין
5","חניות
1",1,1,1,0,0,1,0,0,0,0,"מצב הנכס
במצב שמור","תאריך כניסה
לא צוין תאריך כניסה",0,1
285,286,"1,800,000 ₪",צפת מפה,"דירה, עמישב, פתח תקווה",1,80,"מרפסות
1","קומות בבנין
4","חניות
1",1,1,1,1,1,1,0,0,1,1,"מצב הנכס
במצב שמור","תאריך כניסה
כניסה גמישה",0,0
286,287,"1,920,000 ₪",צפת מפה,"דירה, עמישב, פתח תקווה",3,79,"מרפסות
1","קומות בבנין
4","חניות
1",1,0,1,1,1,1,1,0,0,0,"מצב הנכס
במצב שמור","תאריך כניסה
כניסה גמישה",0,0
287,288,"2,150,000 ₪",קדיש לוז מפה,"דירה, רמת ורבר, פתח תקווה",3,65,none,"קומות בבנין
3","חניות
ללא",1,0,0,1,0,0,0,0,1,0,"מצב הנכס
במצב שמור","תאריך כניסה
כניסה מיידית",0,0
288,289,"1,990,000 ₪",קפלן מפה,"דירה, בר יהודה, פתח תקווה",4,65,none,"קומות בבנין
4","חניות
ללא",1,0,0,0,0,0,1,0,0,0,"מצב הנכס
במצב שמור","תאריך כניסה
כניסה מיידית",0,0
289,290,"1,890,000 ₪",רבי יהודה הנשיא מפה,"דירה, פתח תקווה",4,60,none,"קומות בבנין
4","חניות
1",1,0,1,1,1,1,1,0,0,0,"מצב הנכס
משופץ","תאריך כניסה
כניסה גמישה",0,1
290,291,לא צוין מחיר,רבי עקיבא 22,"דירה, קרית הרב סלומון, פתח תקווה",1,65,none,"קומות בבנין
4","חניות
ללא",0,0,0,0,0,0,0,0,0,0,none,"תאריך כניסה
01/02/2024",0,0
291,292,"1,939,000 ₪",רוטשילד 115 מפה,"דירה, המרכז השקט / מרכז העיר, פתח תקווה",2,90,none,"קומות בבנין
4","חניות
1",1,0,0,1,0,0,1,0,0,1,"מצב הנכס
משופץ","תאריך כניסה
כניסה מיידית",0,0
292,293,"1,930,000 ₪",רוטשילד 122 מפה,"דירה, המרכז השקט / מרכז העיר, פתח תקווה",2,80,none,"קומות בבנין
8","חניות
ללא",1,0,1,0,1,0,0,0,0,0,"מצב הנכס
דרוש שיפוץ","תאריך כניסה
כניסה מיידית",0,0
293,294,"1,930,000 ₪",רוטשילד 122 מפה,"דירה, המרכז השקט / מרכז העיר, פתח תקווה",2,80,none,"קומות בבנין
8","חניות
ללא",1,0,1,0,1,0,0,0,0,0,"מצב הנכס
דרוש שיפוץ","תאריך כניסה
כניסה מיידית",0,0
294,295,"1,930,000 ₪",רוטשילד 122 מפה,"דירה, המרכז השקט / מרכז העיר, פתח תקווה",2,80,none,"קומות בבנין
8","חניות
ללא",1,0,1,0,1,0,0,0,0,0,"מצב הנכס
דרוש שיפוץ","תאריך כניסה
כניסה מיידית",0,0
295,296,"1,930,000 ₪",רוטשילד 122 מפה,"דירה, המרכז השקט / מרכז העיר, פתח תקווה",2,80,none,"קומות בבנין
8","חניות
ללא",1,0,1,0,1,0,0,0,0,0,"מצב הנכס
דרוש שיפוץ","תאריך כניסה
כניסה מיידית",0,0
296,297,"1,890,000 ₪",רוטשילד 140 מפה,"דירה, פתח תקווה",3,68,none,"קומות בבנין
3","חניות
ללא",1,0,0,0,0,0,0,0,0,0,"מצב הנכס
דרוש שיפוץ","תאריך כניסה
09/08/2023",0,0
297,298,"1,890,000 ₪",רוטשילד 140 מפה,"דירה, פתח תקווה",3,68,none,"קומות בבנין
3","חניות
ללא",1,0,0,0,0,0,0,0,0,0,"מצב הנכס
דרוש שיפוץ","תאריך כניסה
09/08/2023",0,0
298,299,"1,860,000 ₪",רוטשילד 79 מפה,"דירה, לב המושבה / מרכז העיר, פתח תקווה",5,85,"מרפסות
2","קומות בבנין
9","חניות
ללא",1,0,1,1,1,1,1,1,0,0,"מצב הנכס
במצב שמור","תאריך כניסה
כניסה מיידית",0,0
299,300,"1,820,000 ₪",רוטשילד 97 מפה,"דירה, פתח תקווה",קרקע,70,none,"קומות בבנין
3","חניות
ללא",0,0,0,0,0,0,0,0,0,0,"מצב הנכס
במצב שמור","תאריך כניסה
כניסה גמישה",0,0
300,301,"1,440,000 ₪",רוטשילד מפה,"דירה, לב המושבה / מרכז העיר, פתח תקווה",1,45,"מרפסות
1","קומות בבנין
6","חניות
ללא",1,0,1,1,0,0,0,0,0,0,"מצב הנכס
במצב שמור","תאריך כניסה
כניסה מיידית",0,0
301,302,"1,790,000 ₪",רוטשילד מפה,"דירה, לב המושבה / מרכז העיר, פתח תקווה",1,90,"מרפסות
2","קומות בבנין
2","חניות
ללא",1,0,0,1,0,0,0,0,0,0,"מצב הנכס
דרוש שיפוץ","תאריך כניסה
כניסה גמישה",0,0
302,303,"1,790,000 ₪",רוטשילד מפה,"דירה, לב המושבה / מרכז העיר, פתח תקווה",1,90,"מרפסות
2","קומות בבנין
2","חניות
ללא",1,0,0,1,0,0,0,0,0,0,"מצב הנכס
דרוש שיפוץ","תאריך כניסה
כניסה גמישה",0,0
303,304,"1,650,000 ₪","רמב""ם","דירה, פתח תקווה",4,75,nan,nan,nan,nan,nan,nan,nan,nan,nan,nan,nan,nan,nan,nan,nan,0,0
304,305,"1,590,000 ₪","רמב""ם מפה","דירה, לב המושבה / מרכז העיר, פתח תקווה",3,75,"מרפסות
2","קומות בבנין
3","חניות
ללא",1,1,0,1,0,0,1,0,0,0,"מצב הנכס
במצב שמור","תאריך כניסה
כניסה מיידית",0,0
305,306,"1,890,000 ₪","רמב""ם מפה","דירה, לב המושבה / מרכז העיר, פתח תקווה",3,80,"מרפסות
1","קומות בבנין
4","חניות
ללא",1,0,0,1,0,0,1,0,0,0,"מצב הנכס
משופץ","תאריך כניסה
כניסה גמישה",0,0
306,307,"1,590,000 ₪","רמב""ם מפה","דירה, לב המושבה / מרכז העיר, פתח תקווה",3,75,"מרפסות
2","קומות בבנין
3","חניות
ללא",1,1,0,1,0,0,1,0,0,0,"מצב הנכס
במצב שמור","תאריך כניסה
כניסה מיידית",0,0
307,308,"1,890,000 ₪","רמב""ם מפה","דירה, לב המושבה / מרכז העיר, פתח תקווה",3,80,nan,nan,nan,1,0,0,1,0,0,1,0,0,0,nan,nan,0,0
308,309,לא צוין מחיר,רמת ורבר מפה,"דירה, רמת ורבר, פתח תקווה",1,65,none,"קומות בבנין
7","חניות
1",1,1,1,0,1,0,1,0,1,0,"מצב הנכס
משופץ","תאריך כניסה
כניסה גמישה",0,0
309,310,"2,090,000 ₪",רמת ורבר מפה,"דירה, רמת ורבר, פתח תקווה",2,70,none,"קומות בבנין
3","חניות
ללא",1,1,0,1,0,0,0,1,1,0,"מצב הנכס
משופץ","תאריך כניסה
כניסה מיידית",0,0
310,311,"1,789,000 ₪",שיפר מפה,"דירה, שיפר, פתח תקווה",2,79,"מרפסות
1","קומות בבנין
4","חניות
1",0,0,1,1,1,1,1,0,0,0,"מצב הנכס
במצב שמור","תאריך כניסה
כניסה גמישה",0,0
311,312,לא צוין מחיר,שלמה בן יוסף מפה,"דירה, עין גנים, פתח תקווה",5,102,"מרפסות
1","קומות בבנין
6","חניות
1",0,0,1,1,1,1,0,0,0,0,"מצב הנכס
חדש מקבלן","תאריך כניסה
לא צוין תאריך כניסה",0,0
312,313,"1,880,000 ₪",שמואל סלנט 20 מפה,"דירה, המרכז השקט / מרכז העיר, פתח תקווה",1,75,"מרפסות
1","קומות בבנין
3","חניות
ללא",1,0,0,1,0,0,0,0,0,0,"מצב הנכס
במצב שמור","תאריך כניסה
כניסה מיידית",0,0
313,314,"2,250,000 ₪",שמואל סלנט מפה,"דירה, המרכז השקט / מרכז העיר, פתח תקווה",1,96,nan,nan,nan,1,0,0,0,0,0,0,0,0,0,nan,nan,0,0
314,315,"2,300,000 ₪",שמואל סלנט מפה,"דירה, המרכז השקט / מרכז העיר, פתח תקווה",3,82,none,"קומות בבנין
3","חניות
1",1,0,0,1,0,0,1,0,0,0,"מצב הנכס
משופץ","תאריך כניסה
כניסה גמישה",0,0
315,316,"1,940,000 ₪",שמואל סלנט מפה,"דירה, המרכז השקט / מרכז העיר, פתח תקווה",4,78,"מרפסות
1","קומות בבנין
5","חניות
1",1,0,1,1,1,1,1,0,1,0,"מצב הנכס
משופץ","תאריך כניסה
כניסה גמישה",0,0
316,317,"1,940,000 ₪",שמואל סלנט מפה,"דירה, המרכז השקט / מרכז העיר, פתח תקווה",4,78,"מרפסות
1","קומות בבנין
5","חניות
1",1,0,1,1,1,1,1,0,1,0,"מצב הנכס
משופץ","תאריך כניסה
כניסה גמישה",0,0
317,318,"1,780,000 ₪",שעריה מפה,"דירה, שעריה, פתח תקווה",4,68,none,"קומות בבנין
4","חניות
ללא",1,1,0,1,0,0,1,0,1,1,"מצב הנכס
משופץ","תאריך כניסה
כניסה גמישה",0,0
318,319,"2,690,000 ₪",שרגא רפאלי 12 מפה,"דירה, פתח תקווה",10,82,"מרפסות
1","קומות בבנין
18","חניות
1",1,1,1,1,1,1,1,0,0,0,"מצב הנכס
משופץ","תאריך כניסה
כניסה גמישה",0,0
319,320,"2,690,000 ₪",שרגא רפאלי מפה,"דירה, הדר המושבות החדשה / אם המושבות החדשה, פתח תקווה",11,90,"מרפסות
1","קומות בבנין
18","חניות
1",1,0,1,1,1,1,1,0,1,1,"מצב הנכס
משופץ","תאריך כניסה
כניסה גמישה",0,0
320,321,"2,690,000 ₪",שרגא רפאלי מפה,"דירה, הדר המושבות החדשה / אם המושבות החדשה, פתח תקווה",11,90,"מרפסות
1","קומות בבנין
18","חניות
1",1,0,1,1,1,1,1,0,1,1,"מצב הנכס
משופץ","תאריך כניסה
כניסה גמישה",0,0
321,322,"1,800,000 ₪",שרה אהרונסון מפה,"דירה, המרכז השקט / מרכז העיר, פתח תקווה",1,95,none,"קומות בבנין
6","חניות
ללא",1,0,1,1,1,0,0,0,0,0,"מצב הנכס
במצב שמור","תאריך כניסה
כניסה גמישה",0,0
